# E [eV] - Phi [eV^-1 cm^-2 s^-1]
  1.225000e+05   3.590900e+01
  1.235000e+05   3.638100e+01
  1.245000e+05   3.685500e+01
  1.255000e+05   3.733000e+01
  1.265000e+05   3.780600e+01
  1.275000e+05   3.828300e+01
  1.285000e+05   3.876100e+01
  1.295000e+05   3.924100e+01
  1.305000e+05   3.972100e+01
  1.315000e+05   4.020300e+01
  1.325000e+05   4.068700e+01
  1.335000e+05   4.117100e+01
  1.345000e+05   4.165700e+01
  1.355000e+05   4.214400e+01
  1.365000e+05   4.263100e+01
  1.375000e+05   4.312000e+01
  1.385000e+05   4.361000e+01
  1.395000e+05   4.410100e+01
  1.405000e+05   4.456700e+01
  1.415000e+05   4.505900e+01
  1.425000e+05   4.555300e+01
  1.435000e+05   4.604700e+01
  1.445000e+05   4.654200e+01
  1.455000e+05   4.703700e+01
  1.465000e+05   4.753400e+01
  1.475000e+05   4.803200e+01
  1.485000e+05   4.853000e+01
  1.495000e+05   4.902900e+01
  1.505000e+05   4.952900e+01
  1.515000e+05   5.002900e+01
  1.525000e+05   5.052900e+01
  1.535000e+05   5.103000e+01
  1.545000e+05   5.153200e+01
  1.555000e+05   5.203500e+01
  1.565000e+05   5.253800e+01
  1.575000e+05   5.304200e+01
  1.585000e+05   5.066800e+01
  1.595000e+05   5.114600e+01
  1.605000e+05   5.162400e+01
  1.615000e+05   5.210100e+01
  1.625000e+05   5.257900e+01
  1.635000e+05   5.305600e+01
  1.645000e+05   5.353500e+01
  1.655000e+05   5.401400e+01
  1.665000e+05   5.449300e+01
  1.675000e+05   5.497300e+01
  1.685000e+05   5.545400e+01
  1.695000e+05   5.593500e+01
  1.705000e+05   5.641600e+01
  1.715000e+05   5.689700e+01
  1.725000e+05   5.737700e+01
  1.735000e+05   5.785800e+01
  1.745000e+05   5.833800e+01
  1.755000e+05   5.882000e+01
  1.765000e+05   5.930100e+01
  1.775000e+05   5.978400e+01
  1.785000e+05   6.026600e+01
  1.795000e+05   6.074900e+01
  1.805000e+05   6.123200e+01
  1.815000e+05   6.171500e+01
  1.825000e+05   6.208000e+01
  1.835000e+05   6.256100e+01
  1.845000e+05   6.211900e+01
  1.855000e+05   6.259200e+01
  1.865000e+05   6.306600e+01
  1.875000e+05   6.354000e+01
  1.885000e+05   6.401400e+01
  1.895000e+05   6.448900e+01
  1.905000e+05   6.494100e+01
  1.915000e+05   6.541500e+01
  1.925000e+05   6.588600e+01
  1.935000e+05   6.635800e+01
  1.945000e+05   6.683000e+01
  1.955000e+05   6.730200e+01
  1.965000e+05   6.777500e+01
  1.975000e+05   6.824700e+01
  1.985000e+05   6.870000e+01
  1.995000e+05   4.378900e+01
  2.005000e+05   4.407700e+01
  2.015000e+05   4.436500e+01
  2.025000e+05   4.465000e+01
  2.035000e+05   4.493600e+01
  2.045000e+05   4.522200e+01
  2.055000e+05   4.550800e+01
  2.065000e+05   4.579400e+01
  2.075000e+05   4.608000e+01
  2.085000e+05   4.636700e+01
  2.095000e+05   4.665300e+01
  2.105000e+05   4.694000e+01
  2.115000e+05   4.722500e+01
  2.125000e+05   4.750800e+01
  2.135000e+05   4.779100e+01
  2.145000e+05   4.807400e+01
  2.155000e+05   4.835700e+01
  2.165000e+05   4.864100e+01
  2.175000e+05   4.892500e+01
  2.185000e+05   4.920900e+01
  2.195000e+05   4.949200e+01
  2.205000e+05   4.976300e+01
  2.215000e+05   5.004600e+01
  2.225000e+05   5.032600e+01
  2.235000e+05   5.060600e+01
  2.245000e+05   5.088600e+01
  2.255000e+05   5.116600e+01
  2.265000e+05   5.144700e+01
  2.275000e+05   5.170200e+01
  2.285000e+05   5.198200e+01
  2.295000e+05   5.226300e+01
  2.305000e+05   5.254300e+01
  2.315000e+05   5.282200e+01
  2.325000e+05   5.309800e+01
  2.335000e+05   5.337400e+01
  2.345000e+05   5.361600e+01
  2.355000e+05   5.389200e+01
  2.365000e+05   5.416900e+01
  2.375000e+05   5.444500e+01
  2.385000e+05   5.472100e+01
  2.395000e+05   5.499700e+01
  2.405000e+05   5.527400e+01
  2.415000e+05   5.554800e+01
  2.425000e+05   5.582000e+01
  2.435000e+05   5.609200e+01
  2.445000e+05   5.636400e+01
  2.455000e+05   5.663600e+01
  2.465000e+05   5.690800e+01
  2.475000e+05   5.718000e+01
  2.485000e+05   5.745200e+01
  2.495000e+05   5.772400e+01
  2.505000e+05   5.799600e+01
  2.515000e+05   5.826600e+01
  2.525000e+05   5.853300e+01
  2.535000e+05   5.880100e+01
  2.545000e+05   5.906800e+01
  2.555000e+05   5.933600e+01
  2.565000e+05   5.960300e+01
  2.575000e+05   5.984600e+01
  2.585000e+05   6.011400e+01
  2.595000e+05   6.038100e+01
  2.605000e+05   6.064800e+01
  2.615000e+05   6.091300e+01
  2.625000e+05   6.117500e+01
  2.635000e+05   6.143800e+01
  2.645000e+05   6.169500e+01
  2.655000e+05   6.195700e+01
  2.665000e+05   6.221900e+01
  2.675000e+05   6.248100e+01
  2.685000e+05   6.274300e+01
  2.695000e+05   6.300500e+01
  2.705000e+05   6.326700e+01
  2.715000e+05   6.352600e+01
  2.725000e+05   6.378400e+01
  2.735000e+05   6.404100e+01
  2.745000e+05   6.429800e+01
  2.755000e+05   6.455500e+01
  2.765000e+05   6.481200e+01
  2.775000e+05   6.506900e+01
  2.785000e+05   6.532600e+01
  2.795000e+05   6.558300e+01
  2.805000e+05   6.583900e+01
  2.815000e+05   6.609400e+01
  2.825000e+05   6.634600e+01
  2.835000e+05   6.659700e+01
  2.845000e+05   6.684900e+01
  2.855000e+05   6.710000e+01
  2.865000e+05   6.735200e+01
  2.875000e+05   6.760300e+01
  2.885000e+05   6.785400e+01
  2.895000e+05   6.810500e+01
  2.905000e+05   6.835500e+01
  2.915000e+05   6.860400e+01
  2.925000e+05   6.885000e+01
  2.935000e+05   6.909600e+01
  2.945000e+05   6.934200e+01
  2.955000e+05   6.958800e+01
  2.965000e+05   6.983400e+01
  2.975000e+05   7.007900e+01
  2.985000e+05   7.032500e+01
  2.995000e+05   7.057000e+01
  3.005000e+05   7.081500e+01
  3.015000e+05   7.105800e+01
  3.025000e+05   7.129800e+01
  3.035000e+05   7.153800e+01
  3.045000e+05   7.177800e+01
  3.055000e+05   7.201700e+01
  3.065000e+05   7.225700e+01
  3.075000e+05   7.249600e+01
  3.085000e+05   7.273500e+01
  3.095000e+05   7.297400e+01
  3.105000e+05   7.321200e+01
  3.115000e+05   7.344900e+01
  3.125000e+05   7.368300e+01
  3.135000e+05   7.391600e+01
  3.145000e+05   7.414900e+01
  3.155000e+05   7.438200e+01
  3.165000e+05   7.461500e+01
  3.175000e+05   7.484800e+01
  3.185000e+05   7.508000e+01
  3.195000e+05   7.531200e+01
  3.205000e+05   7.554400e+01
  3.215000e+05   7.577400e+01
  3.225000e+05   7.600100e+01
  3.235000e+05   7.622800e+01
  3.245000e+05   7.645500e+01
  3.255000e+05   7.668100e+01
  3.265000e+05   7.690700e+01
  3.275000e+05   7.713300e+01
  3.285000e+05   7.735800e+01
  3.295000e+05   7.757200e+01
  3.305000e+05   7.779700e+01
  3.315000e+05   7.800900e+01
  3.325000e+05   7.823000e+01
  3.335000e+05   7.845000e+01
  3.345000e+05   7.867100e+01
  3.355000e+05   5.962600e+01
  3.365000e+05   5.978700e+01
  3.375000e+05   5.994900e+01
  3.385000e+05   6.011000e+01
  3.395000e+05   6.027200e+01
  3.405000e+05   6.043400e+01
  3.415000e+05   6.059400e+01
  3.425000e+05   6.075100e+01
  3.435000e+05   6.090900e+01
  3.445000e+05   6.106600e+01
  3.455000e+05   6.122300e+01
  3.465000e+05   6.138100e+01
  3.475000e+05   6.153800e+01
  3.485000e+05   6.169600e+01
  3.495000e+05   6.185300e+01
  3.505000e+05   6.201100e+01
  3.515000e+05   6.216700e+01
  3.525000e+05   6.232000e+01
  3.535000e+05   6.247400e+01
  3.545000e+05   6.262700e+01
  3.555000e+05   6.278100e+01
  3.565000e+05   6.293400e+01
  3.575000e+05   6.308800e+01
  3.585000e+05   6.324100e+01
  3.595000e+05   6.339500e+01
  3.605000e+05   6.354800e+01
  3.615000e+05   6.370000e+01
  3.625000e+05   6.384900e+01
  3.635000e+05   6.399900e+01
  3.645000e+05   6.414800e+01
  3.655000e+05   6.429700e+01
  3.665000e+05   6.444700e+01
  3.675000e+05   6.456200e+01
  3.685000e+05   6.471100e+01
  3.695000e+05   6.485000e+01
  3.705000e+05   6.499900e+01
  3.715000e+05   6.514700e+01
  3.725000e+05   6.529200e+01
  3.735000e+05   6.543700e+01
  3.745000e+05   6.558200e+01
  3.755000e+05   6.572700e+01
  3.765000e+05   6.587200e+01
  3.775000e+05   6.601800e+01
  3.785000e+05   6.616300e+01
  3.795000e+05   6.630800e+01
  3.805000e+05   6.645300e+01
  3.815000e+05   6.659600e+01
  3.825000e+05   6.673700e+01
  3.835000e+05   6.681000e+01
  3.845000e+05   6.695100e+01
  3.855000e+05   6.709100e+01
  3.865000e+05   6.723200e+01
  3.875000e+05   6.737300e+01
  3.885000e+05   6.751400e+01
  3.895000e+05   6.765500e+01
  3.905000e+05   6.779600e+01
  3.915000e+05   6.793600e+01
  3.925000e+05   6.805000e+01
  3.935000e+05   6.818700e+01
  3.945000e+05   6.832400e+01
  3.955000e+05   6.846200e+01
  3.965000e+05   6.859900e+01
  3.975000e+05   6.873600e+01
  3.985000e+05   6.887300e+01
  3.995000e+05   6.901000e+01
  4.005000e+05   6.914700e+01
  4.015000e+05   6.928300e+01
  4.025000e+05   6.941600e+01
  4.035000e+05   6.925300e+01
  4.045000e+05   6.938600e+01
  4.055000e+05   6.951800e+01
  4.065000e+05   6.965100e+01
  4.075000e+05   6.978300e+01
  4.085000e+05   6.991600e+01
  4.095000e+05   7.004800e+01
  4.105000e+05   7.018100e+01
  4.115000e+05   7.030800e+01
  4.125000e+05   7.043700e+01
  4.135000e+05   7.056500e+01
  4.145000e+05   7.069200e+01
  4.155000e+05   7.082100e+01
  4.165000e+05   7.095000e+01
  4.175000e+05   7.107800e+01
  4.185000e+05   7.120700e+01
  4.195000e+05   7.133500e+01
  4.205000e+05   7.146400e+01
  4.215000e+05   7.159100e+01
  4.225000e+05   7.171500e+01
  4.235000e+05   7.184000e+01
  4.245000e+05   7.196500e+01
  4.255000e+05   7.209000e+01
  4.265000e+05   7.221500e+01
  4.275000e+05   7.233900e+01
  4.285000e+05   7.246300e+01
  4.295000e+05   7.258800e+01
  4.305000e+05   7.271200e+01
  4.315000e+05   7.283500e+01
  4.325000e+05   7.295600e+01
  4.335000e+05   7.307700e+01
  4.345000e+05   7.319700e+01
  4.355000e+05   7.331700e+01
  4.365000e+05   7.343800e+01
  4.375000e+05   7.355800e+01
  4.385000e+05   7.367900e+01
  4.395000e+05   7.335900e+01
  4.405000e+05   7.347900e+01
  4.415000e+05   7.359700e+01
  4.425000e+05   7.371300e+01
  4.435000e+05   7.380200e+01
  4.445000e+05   7.372200e+01
  4.455000e+05   7.383400e+01
  4.465000e+05   7.395000e+01
  4.475000e+05   7.406600e+01
  4.485000e+05   7.407300e+01
  4.495000e+05   7.418900e+01
  4.505000e+05   7.430500e+01
  4.515000e+05   7.441900e+01
  4.525000e+05   7.453200e+01
  4.535000e+05   7.464400e+01
  4.545000e+05   7.475700e+01
  4.555000e+05   7.486900e+01
  4.565000e+05   7.498100e+01
  4.575000e+05   7.509300e+01
  4.585000e+05   7.520500e+01
  4.595000e+05   7.531700e+01
  4.605000e+05   7.542900e+01
  4.615000e+05   7.554000e+01
  4.625000e+05   7.564800e+01
  4.635000e+05   7.575700e+01
  4.645000e+05   7.586600e+01
  4.655000e+05   7.597400e+01
  4.665000e+05   7.608200e+01
  4.675000e+05   7.619000e+01
  4.685000e+05   7.629800e+01
  4.695000e+05   7.640600e+01
  4.705000e+05   7.651400e+01
  4.715000e+05   7.662100e+01
  4.725000e+05   7.672500e+01
  4.735000e+05   7.683000e+01
  4.745000e+05   7.692500e+01
  4.755000e+05   7.702900e+01
  4.765000e+05   7.713400e+01
  4.775000e+05   7.723800e+01
  4.785000e+05   7.734200e+01
  4.795000e+05   7.744600e+01
  4.805000e+05   7.755000e+01
  4.815000e+05   7.702400e+01
  4.825000e+05   7.712400e+01
  4.835000e+05   7.722400e+01
  4.845000e+05   7.720800e+01
  4.855000e+05   7.730700e+01
  4.865000e+05   7.740400e+01
  4.875000e+05   7.750400e+01
  4.885000e+05   7.760400e+01
  4.895000e+05   7.741000e+01
  4.905000e+05   7.751000e+01
  4.915000e+05   7.760800e+01
  4.925000e+05   7.770500e+01
  4.935000e+05   7.780100e+01
  4.945000e+05   7.789700e+01
  4.955000e+05   7.799400e+01
  4.965000e+05   7.809000e+01
  4.975000e+05   7.818600e+01
  4.985000e+05   7.828200e+01
  4.995000e+05   7.837800e+01
  5.005000e+05   7.847400e+01
  5.015000e+05   7.856900e+01
  5.025000e+05   7.865200e+01
  5.035000e+05   7.874300e+01
  5.045000e+05   7.883600e+01
  5.055000e+05   7.892900e+01
  5.065000e+05   7.902100e+01
  5.075000e+05   7.911400e+01
  5.085000e+05   7.920600e+01
  5.095000e+05   7.929000e+01
  5.105000e+05   7.938200e+01
  5.115000e+05   7.947300e+01
  5.125000e+05   7.956300e+01
  5.135000e+05   7.965200e+01
  5.145000e+05   7.974100e+01
  5.155000e+05   7.983000e+01
  5.165000e+05   7.991900e+01
  5.175000e+05   8.000800e+01
  5.185000e+05   8.009700e+01
  5.195000e+05   8.018500e+01
  5.205000e+05   8.027100e+01
  5.215000e+05   8.035900e+01
  5.225000e+05   8.044400e+01
  5.235000e+05   8.053000e+01
  5.245000e+05   8.061500e+01
  5.255000e+05   8.070100e+01
  5.265000e+05   8.078600e+01
  5.275000e+05   8.087100e+01
  5.285000e+05   8.095600e+01
  5.295000e+05   8.104100e+01
  5.305000e+05   8.112600e+01
  5.315000e+05   8.121000e+01
  5.325000e+05   8.129200e+01
  5.335000e+05   8.137300e+01
  5.345000e+05   8.145500e+01
  5.355000e+05   8.153700e+01
  5.365000e+05   8.161900e+01
  5.375000e+05   8.170000e+01
  5.385000e+05   8.178100e+01
  5.395000e+05   8.186300e+01
  5.405000e+05   8.194400e+01
  5.415000e+05   8.202400e+01
  5.425000e+05   8.210200e+01
  5.435000e+05   8.212200e+01
  5.445000e+05   8.220000e+01
  5.455000e+05   8.227900e+01
  5.465000e+05   8.235700e+01
  5.475000e+05   8.243500e+01
  5.485000e+05   8.251400e+01
  5.495000e+05   8.259200e+01
  5.505000e+05   8.267000e+01
  5.515000e+05   8.274700e+01
  5.525000e+05   8.282200e+01
  5.535000e+05   8.286900e+01
  5.545000e+05   8.294400e+01
  5.555000e+05   8.301900e+01
  5.565000e+05   8.309300e+01
  5.575000e+05   8.316800e+01
  5.585000e+05   8.324200e+01
  5.595000e+05   8.331700e+01
  5.605000e+05   8.339100e+01
  5.615000e+05   8.346400e+01
  5.625000e+05   8.353600e+01
  5.635000e+05   8.360700e+01
  5.645000e+05   8.367800e+01
  5.655000e+05   8.375000e+01
  5.665000e+05   8.382100e+01
  5.675000e+05   8.389200e+01
  5.685000e+05   8.396300e+01
  5.695000e+05   8.403400e+01
  5.705000e+05   8.410500e+01
  5.715000e+05   8.417400e+01
  5.725000e+05   8.424200e+01
  5.735000e+05   8.429800e+01
  5.745000e+05   8.292800e+01
  5.755000e+05   8.299500e+01
  5.765000e+05   8.306200e+01
  5.775000e+05   8.311100e+01
  5.785000e+05   8.317800e+01
  5.795000e+05   8.324400e+01
  5.805000e+05   8.331100e+01
  5.815000e+05   8.337600e+01
  5.825000e+05   8.343900e+01
  5.835000e+05   8.350300e+01
  5.845000e+05   8.356600e+01
  5.855000e+05   8.362900e+01
  5.865000e+05   8.369200e+01
  5.875000e+05   8.375500e+01
  5.885000e+05   8.379700e+01
  5.895000e+05   8.386000e+01
  5.905000e+05   8.392200e+01
  5.915000e+05   8.398400e+01
  5.925000e+05   8.404400e+01
  5.935000e+05   8.410400e+01
  5.945000e+05   8.416300e+01
  5.955000e+05   8.422300e+01
  5.965000e+05   8.336300e+01
  5.975000e+05   8.342200e+01
  5.985000e+05   8.348100e+01
  5.995000e+05   8.354000e+01
  6.005000e+05   8.359800e+01
  6.015000e+05   8.365600e+01
  6.025000e+05   8.371200e+01
  6.035000e+05   8.376800e+01
  6.045000e+05   8.382500e+01
  6.055000e+05   8.388100e+01
  6.065000e+05   8.393700e+01
  6.075000e+05   8.399300e+01
  6.085000e+05   8.404900e+01
  6.095000e+05   8.410500e+01
  6.105000e+05   8.414900e+01
  6.115000e+05   8.420300e+01
  6.125000e+05   8.425600e+01
  6.135000e+05   8.430900e+01
  6.145000e+05   8.436200e+01
  6.155000e+05   8.441500e+01
  6.165000e+05   8.446700e+01
  6.175000e+05   8.452000e+01
  6.185000e+05   8.457200e+01
  6.195000e+05   8.462400e+01
  6.205000e+05   8.467700e+01
  6.215000e+05   8.472800e+01
  6.225000e+05   8.477800e+01
  6.235000e+05   8.482700e+01
  6.245000e+05   8.487700e+01
  6.255000e+05   8.492600e+01
  6.265000e+05   8.497500e+01
  6.275000e+05   8.502500e+01
  6.285000e+05   8.507400e+01
  6.295000e+05   8.512300e+01
  6.305000e+05   8.517200e+01
  6.315000e+05   8.522000e+01
  6.325000e+05   8.526600e+01
  6.335000e+05   8.512100e+01
  6.345000e+05   8.516700e+01
  6.355000e+05   8.521200e+01
  6.365000e+05   8.525800e+01
  6.375000e+05   8.530400e+01
  6.385000e+05   8.535000e+01
  6.395000e+05   8.539500e+01
  6.405000e+05   8.544100e+01
  6.415000e+05   8.548200e+01
  6.425000e+05   8.552300e+01
  6.435000e+05   8.556500e+01
  6.445000e+05   8.560500e+01
  6.455000e+05   8.564700e+01
  6.465000e+05   8.568900e+01
  6.475000e+05   8.573100e+01
  6.485000e+05   8.577300e+01
  6.495000e+05   8.581400e+01
  6.505000e+05   8.585600e+01
  6.515000e+05   8.589700e+01
  6.525000e+05   8.593500e+01
  6.535000e+05   8.597400e+01
  6.545000e+05   8.601300e+01
  6.555000e+05   8.605200e+01
  6.565000e+05   8.609000e+01
  6.575000e+05   8.612900e+01
  6.585000e+05   8.616700e+01
  6.595000e+05   8.620500e+01
  6.605000e+05   8.624400e+01
  6.615000e+05   8.628200e+01
  6.625000e+05   8.631800e+01
  6.635000e+05   8.635400e+01
  6.645000e+05   8.639000e+01
  6.655000e+05   8.642600e+01
  6.665000e+05   8.646100e+01
  6.675000e+05   8.649200e+01
  6.685000e+05   8.652700e+01
  6.695000e+05   8.656300e+01
  6.705000e+05   8.659800e+01
  6.715000e+05   8.303900e+01
  6.725000e+05   8.307200e+01
  6.735000e+05   8.310400e+01
  6.745000e+05   8.313600e+01
  6.755000e+05   8.316900e+01
  6.765000e+05   8.320100e+01
  6.775000e+05   8.319100e+01
  6.785000e+05   8.322400e+01
  6.795000e+05   8.325600e+01
  6.805000e+05   8.328800e+01
  6.815000e+05   8.331900e+01
  6.825000e+05   8.334800e+01
  6.835000e+05   8.337800e+01
  6.845000e+05   8.340700e+01
  6.855000e+05   8.343600e+01
  6.865000e+05   8.346500e+01
  6.875000e+05   8.349400e+01
  6.885000e+05   8.352300e+01
  6.895000e+05   8.355300e+01
  6.905000e+05   8.358200e+01
  6.915000e+05   8.360900e+01
  6.925000e+05   8.363600e+01
  6.935000e+05   8.366200e+01
  6.945000e+05   8.368800e+01
  6.955000e+05   8.363100e+01
  6.965000e+05   8.365700e+01
  6.975000e+05   8.368300e+01
  6.985000e+05   8.370900e+01
  6.995000e+05   8.373400e+01
  7.005000e+05   8.375900e+01
  7.015000e+05   8.378300e+01
  7.025000e+05   8.380600e+01
  7.035000e+05   8.382800e+01
  7.045000e+05   8.385100e+01
  7.055000e+05   8.387100e+01
  7.065000e+05   8.389300e+01
  7.075000e+05   8.391500e+01
  7.085000e+05   8.393700e+01
  7.095000e+05   8.395900e+01
  7.105000e+05   8.398100e+01
  7.115000e+05   8.399500e+01
  7.125000e+05   8.401500e+01
  7.135000e+05   8.403400e+01
  7.145000e+05   8.405300e+01
  7.155000e+05   8.407200e+01
  7.165000e+05   8.409100e+01
  7.175000e+05   8.411100e+01
  7.185000e+05   8.413000e+01
  7.195000e+05   8.414900e+01
  7.205000e+05   8.416900e+01
  7.215000e+05   8.418700e+01
  7.225000e+05   8.420300e+01
  7.235000e+05   8.422000e+01
  7.245000e+05   8.423600e+01
  7.255000e+05   8.425300e+01
  7.265000e+05   8.426900e+01
  7.275000e+05   8.428100e+01
  7.285000e+05   8.147800e+01
  7.295000e+05   8.149500e+01
  7.305000e+05   8.151100e+01
  7.315000e+05   8.152700e+01
  7.325000e+05   8.154100e+01
  7.335000e+05   8.155500e+01
  7.345000e+05   8.156900e+01
  7.355000e+05   8.158300e+01
  7.365000e+05   8.159800e+01
  7.375000e+05   8.161200e+01
  7.385000e+05   8.162700e+01
  7.395000e+05   8.164200e+01
  7.405000e+05   8.165700e+01
  7.415000e+05   8.155400e+01
  7.425000e+05   8.156600e+01
  7.435000e+05   8.157800e+01
  7.445000e+05   8.159000e+01
  7.455000e+05   8.160300e+01
  7.465000e+05   8.161500e+01
  7.475000e+05   8.162700e+01
  7.485000e+05   8.163900e+01
  7.495000e+05   8.165100e+01
  7.505000e+05   8.166300e+01
  7.515000e+05   8.167400e+01
  7.525000e+05   8.168400e+01
  7.535000e+05   8.169300e+01
  7.545000e+05   8.170300e+01
  7.555000e+05   8.171200e+01
  7.565000e+05   8.172100e+01
  7.575000e+05   8.173000e+01
  7.585000e+05   8.173800e+01
  7.595000e+05   8.174600e+01
  7.605000e+05   8.175400e+01
  7.615000e+05   8.176200e+01
  7.625000e+05   8.176700e+01
  7.635000e+05   8.177300e+01
  7.645000e+05   8.177100e+01
  7.655000e+05   8.177600e+01
  7.665000e+05   8.176800e+01
  7.675000e+05   8.177300e+01
  7.685000e+05   8.177900e+01
  7.695000e+05   8.178400e+01
  7.705000e+05   8.179000e+01
  7.715000e+05   8.179400e+01
  7.725000e+05   8.179700e+01
  7.735000e+05   8.179900e+01
  7.745000e+05   8.180200e+01
  7.755000e+05   8.180500e+01
  7.765000e+05   8.180700e+01
  7.775000e+05   8.181000e+01
  7.785000e+05   8.181200e+01
  7.795000e+05   8.181500e+01
  7.805000e+05   8.181700e+01
  7.815000e+05   8.181900e+01
  7.825000e+05   8.181900e+01
  7.835000e+05   8.180200e+01
  7.845000e+05   8.180200e+01
  7.855000e+05   8.180200e+01
  7.865000e+05   8.180100e+01
  7.875000e+05   8.180100e+01
  7.885000e+05   8.180100e+01
  7.895000e+05   8.180100e+01
  7.905000e+05   8.171000e+01
  7.915000e+05   8.170900e+01
  7.925000e+05   8.170600e+01
  7.935000e+05   8.170300e+01
  7.945000e+05   8.170000e+01
  7.955000e+05   8.169800e+01
  7.965000e+05   8.169600e+01
  7.975000e+05   8.169300e+01
  7.985000e+05   8.169100e+01
  7.995000e+05   8.168900e+01
  8.005000e+05   8.168700e+01
  8.015000e+05   8.168400e+01
  8.025000e+05   8.167900e+01
  8.035000e+05   8.167400e+01
  8.045000e+05   8.166900e+01
  8.055000e+05   8.166400e+01
  8.065000e+05   8.166000e+01
  8.075000e+05   8.165500e+01
  8.085000e+05   8.165000e+01
  8.095000e+05   8.164500e+01
  8.105000e+05   8.164000e+01
  8.115000e+05   8.163400e+01
  8.125000e+05   8.162600e+01
  8.135000e+05   8.161800e+01
  8.145000e+05   8.161100e+01
  8.155000e+05   8.160200e+01
  8.165000e+05   8.159300e+01
  8.175000e+05   8.158500e+01
  8.185000e+05   8.157600e+01
  8.195000e+05   8.156700e+01
  8.205000e+05   8.155200e+01
  8.215000e+05   8.154200e+01
  8.225000e+05   8.153100e+01
  8.235000e+05   8.151900e+01
  8.245000e+05   8.134800e+01
  8.255000e+05   8.133700e+01
  8.265000e+05   8.132500e+01
  8.275000e+05   8.131400e+01
  8.285000e+05   8.130200e+01
  8.295000e+05   8.129000e+01
  8.305000e+05   8.127900e+01
  8.315000e+05   8.126600e+01
  8.325000e+05   8.125200e+01
  8.335000e+05   8.123800e+01
  8.345000e+05   8.122300e+01
  8.355000e+05   8.120900e+01
  8.365000e+05   8.119500e+01
  8.375000e+05   8.118000e+01
  8.385000e+05   8.116600e+01
  8.395000e+05   8.115100e+01
  8.405000e+05   8.113700e+01
  8.415000e+05   8.112200e+01
  8.425000e+05   8.110400e+01
  8.435000e+05   8.108700e+01
  8.445000e+05   8.107000e+01
  8.455000e+05   8.105300e+01
  8.465000e+05   8.103600e+01
  8.475000e+05   8.101900e+01
  8.485000e+05   8.100200e+01
  8.495000e+05   8.098100e+01
  8.505000e+05   8.096400e+01
  8.515000e+05   8.094500e+01
  8.525000e+05   8.092600e+01
  8.535000e+05   8.090500e+01
  8.545000e+05   8.088500e+01
  8.555000e+05   8.086500e+01
  8.565000e+05   8.084400e+01
  8.575000e+05   8.082400e+01
  8.585000e+05   8.080400e+01
  8.595000e+05   8.078300e+01
  8.605000e+05   8.076300e+01
  8.615000e+05   8.074100e+01
  8.625000e+05   8.071800e+01
  8.635000e+05   8.069500e+01
  8.645000e+05   8.067200e+01
  8.655000e+05   8.064900e+01
  8.665000e+05   8.062600e+01
  8.675000e+05   8.060300e+01
  8.685000e+05   8.057900e+01
  8.695000e+05   8.055600e+01
  8.705000e+05   8.053300e+01
  8.715000e+05   8.050900e+01
  8.725000e+05   8.048300e+01
  8.735000e+05   8.045800e+01
  8.745000e+05   8.043400e+01
  8.755000e+05   8.041000e+01
  8.765000e+05   8.038200e+01
  8.775000e+05   8.035800e+01
  8.785000e+05   8.033400e+01
  8.795000e+05   8.030900e+01
  8.805000e+05   8.028500e+01
  8.815000e+05   8.026000e+01
  8.825000e+05   8.023300e+01
  8.835000e+05   8.020600e+01
  8.845000e+05   8.017900e+01
  8.855000e+05   8.015200e+01
  8.865000e+05   8.012500e+01
  8.875000e+05   8.009800e+01
  8.885000e+05   8.007100e+01
  8.895000e+05   8.004400e+01
  8.905000e+05   8.001700e+01
  8.915000e+05   7.998900e+01
  8.925000e+05   7.995800e+01
  8.935000e+05   7.992700e+01
  8.945000e+05   7.989600e+01
  8.955000e+05   7.986500e+01
  8.965000e+05   7.983300e+01
  8.975000e+05   7.980200e+01
  8.985000e+05   7.977100e+01
  8.995000e+05   7.973900e+01
  9.005000e+05   7.965700e+01
  9.015000e+05   7.962500e+01
  9.025000e+05   7.959100e+01
  9.035000e+05   7.955700e+01
  9.045000e+05   7.952300e+01
  9.055000e+05   7.948900e+01
  9.065000e+05   7.945500e+01
  9.075000e+05   7.942100e+01
  9.085000e+05   7.938700e+01
  9.095000e+05   7.935300e+01
  9.105000e+05   7.931900e+01
  9.115000e+05   7.928200e+01
  9.125000e+05   7.924500e+01
  9.135000e+05   7.920800e+01
  9.145000e+05   7.917100e+01
  9.155000e+05   7.913400e+01
  9.165000e+05   7.909700e+01
  9.175000e+05   7.906000e+01
  9.185000e+05   7.902300e+01
  9.195000e+05   7.898500e+01
  9.205000e+05   7.894800e+01
  9.215000e+05   7.891000e+01
  9.225000e+05   7.887000e+01
  9.235000e+05   7.883000e+01
  9.245000e+05   7.879000e+01
  9.255000e+05   7.875000e+01
  9.265000e+05   7.871100e+01
  9.275000e+05   7.867100e+01
  9.285000e+05   7.863100e+01
  9.295000e+05   7.859100e+01
  9.305000e+05   7.855100e+01
  9.315000e+05   7.851000e+01
  9.325000e+05   7.846800e+01
  9.335000e+05   7.842500e+01
  9.345000e+05   7.838300e+01
  9.355000e+05   7.834100e+01
  9.365000e+05   7.829800e+01
  9.375000e+05   7.825600e+01
  9.385000e+05   7.821400e+01
  9.395000e+05   7.817100e+01
  9.405000e+05   7.812900e+01
  9.415000e+05   7.808500e+01
  9.425000e+05   7.804000e+01
  9.435000e+05   7.799500e+01
  9.445000e+05   7.795000e+01
  9.455000e+05   7.790500e+01
  9.465000e+05   7.786000e+01
  9.475000e+05   7.781500e+01
  9.485000e+05   7.777000e+01
  9.495000e+05   7.772500e+01
  9.505000e+05   7.767800e+01
  9.515000e+05   7.763100e+01
  9.525000e+05   7.756800e+01
  9.535000e+05   7.751900e+01
  9.545000e+05   7.747000e+01
  9.555000e+05   7.742000e+01
  9.565000e+05   7.737100e+01
  9.575000e+05   7.732200e+01
  9.585000e+05   7.727200e+01
  9.595000e+05   7.701900e+01
  9.605000e+05   7.696900e+01
  9.615000e+05   7.691900e+01
  9.625000e+05   7.686700e+01
  9.635000e+05   7.681500e+01
  9.645000e+05   7.676400e+01
  9.655000e+05   7.671200e+01
  9.665000e+05   7.666000e+01
  9.675000e+05   7.660800e+01
  9.685000e+05   7.655600e+01
  9.695000e+05   7.650500e+01
  9.705000e+05   7.645400e+01
  9.715000e+05   7.640200e+01
  9.725000e+05   7.634900e+01
  9.735000e+05   7.629500e+01
  9.745000e+05   7.592600e+01
  9.755000e+05   7.587300e+01
  9.765000e+05   7.581900e+01
  9.775000e+05   7.576600e+01
  9.785000e+05   7.571300e+01
  9.795000e+05   7.563400e+01
  9.805000e+05   7.558000e+01
  9.815000e+05   7.552600e+01
  9.825000e+05   7.547000e+01
  9.835000e+05   7.541400e+01
  9.845000e+05   7.535800e+01
  9.855000e+05   7.530200e+01
  9.865000e+05   7.524600e+01
  9.875000e+05   7.519000e+01
  9.885000e+05   7.513400e+01
  9.895000e+05   7.507800e+01
  9.905000e+05   7.502300e+01
  9.915000e+05   7.496600e+01
  9.925000e+05   7.490800e+01
  9.935000e+05   7.485000e+01
  9.945000e+05   7.479100e+01
  9.955000e+05   7.473300e+01
  9.965000e+05   7.467500e+01
  9.975000e+05   7.461700e+01
  9.985000e+05   7.455800e+01
  9.995000e+05   7.450000e+01
  1.000500e+06   7.444100e+01
  1.001500e+06   7.438200e+01
  1.002500e+06   7.432100e+01
  1.003500e+06   7.426000e+01
  1.004500e+06   7.388600e+01
  1.005500e+06   7.381600e+01
  1.006500e+06   7.375500e+01
  1.007500e+06   7.369500e+01
  1.008500e+06   7.363200e+01
  1.009500e+06   7.357000e+01
  1.010500e+06   7.350700e+01
  1.011500e+06   7.344400e+01
  1.012500e+06   7.337900e+01
  1.013500e+06   7.331400e+01
  1.014500e+06   7.324900e+01
  1.015500e+06   7.318400e+01
  1.016500e+06   7.311900e+01
  1.017500e+06   7.305400e+01
  1.018500e+06   7.298900e+01
  1.019500e+06   7.292400e+01
  1.020500e+06   7.285800e+01
  1.021500e+06   7.279200e+01
  1.022500e+06   7.272500e+01
  1.023500e+06   7.226800e+01
  1.024500e+06   7.220000e+01
  1.025500e+06   7.213300e+01
  1.026500e+06   7.206600e+01
  1.027500e+06   7.199800e+01
  1.028500e+06   7.193200e+01
  1.029500e+06   7.186700e+01
  1.030500e+06   7.180100e+01
  1.031500e+06   7.173400e+01
  1.032500e+06   7.166600e+01
  1.033500e+06   7.159800e+01
  1.034500e+06   7.153000e+01
  1.035500e+06   7.146200e+01
  1.036500e+06   7.138500e+01
  1.037500e+06   7.131700e+01
  1.038500e+06   7.124900e+01
  1.039500e+06   7.118000e+01
  1.040500e+06   7.105800e+01
  1.041500e+06   7.098900e+01
  1.042500e+06   7.091800e+01
  1.043500e+06   7.084800e+01
  1.044500e+06   7.077700e+01
  1.045500e+06   7.070600e+01
  1.046500e+06   7.063600e+01
  1.047500e+06   7.056400e+01
  1.048500e+06   7.049200e+01
  1.049500e+06   7.042000e+01
  1.050500e+06   7.034700e+01
  1.051500e+06   7.027400e+01
  1.052500e+06   7.019900e+01
  1.053500e+06   7.012500e+01
  1.054500e+06   7.004900e+01
  1.055500e+06   6.997500e+01
  1.056500e+06   6.990000e+01
  1.057500e+06   6.982500e+01
  1.058500e+06   6.975100e+01
  1.059500e+06   6.967600e+01
  1.060500e+06   6.960100e+01
  1.061500e+06   6.952500e+01
  1.062500e+06   6.944800e+01
  1.063500e+06   6.936300e+01
  1.064500e+06   6.928600e+01
  1.065500e+06   6.920800e+01
  1.066500e+06   6.913100e+01
  1.067500e+06   6.904900e+01
  1.068500e+06   6.875300e+01
  1.069500e+06   6.867600e+01
  1.070500e+06   6.859800e+01
  1.071500e+06   6.852000e+01
  1.072500e+06   6.844000e+01
  1.073500e+06   6.836000e+01
  1.074500e+06   6.828100e+01
  1.075500e+06   6.820100e+01
  1.076500e+06   6.812100e+01
  1.077500e+06   6.804100e+01
  1.078500e+06   6.796100e+01
  1.079500e+06   6.784900e+01
  1.080500e+06   6.776900e+01
  1.081500e+06   6.767800e+01
  1.082500e+06   6.759600e+01
  1.083500e+06   6.751400e+01
  1.084500e+06   6.743100e+01
  1.085500e+06   6.734900e+01
  1.086500e+06   6.726700e+01
  1.087500e+06   6.718500e+01
  1.088500e+06   6.710300e+01
  1.089500e+06   6.702100e+01
  1.090500e+06   6.693900e+01
  1.091500e+06   6.685500e+01
  1.092500e+06   6.677100e+01
  1.093500e+06   6.668700e+01
  1.094500e+06   6.660200e+01
  1.095500e+06   6.651800e+01
  1.096500e+06   6.643300e+01
  1.097500e+06   6.634800e+01
  1.098500e+06   6.626400e+01
  1.099500e+06   6.617900e+01
  1.100500e+06   6.609500e+01
  1.101500e+06   6.600900e+01
  1.102500e+06   6.592200e+01
  1.103500e+06   6.583500e+01
  1.104500e+06   6.560800e+01
  1.105500e+06   6.552000e+01
  1.106500e+06   6.543200e+01
  1.107500e+06   6.534300e+01
  1.108500e+06   6.525500e+01
  1.109500e+06   6.516700e+01
  1.110500e+06   6.507800e+01
  1.111500e+06   6.497500e+01
  1.112500e+06   6.488400e+01
  1.113500e+06   6.479300e+01
  1.114500e+06   6.470200e+01
  1.115500e+06   6.461200e+01
  1.116500e+06   6.452100e+01
  1.117500e+06   6.443000e+01
  1.118500e+06   6.433900e+01
  1.119500e+06   6.424800e+01
  1.120500e+06   6.415700e+01
  1.121500e+06   6.406500e+01
  1.122500e+06   6.397200e+01
  1.123500e+06   6.387900e+01
  1.124500e+06   6.376600e+01
  1.125500e+06   6.367400e+01
  1.126500e+06   6.358100e+01
  1.127500e+06   6.348900e+01
  1.128500e+06   6.339700e+01
  1.129500e+06   6.330500e+01
  1.130500e+06   6.321200e+01
  1.131500e+06   6.311900e+01
  1.132500e+06   6.302400e+01
  1.133500e+06   6.293000e+01
  1.134500e+06   6.283500e+01
  1.135500e+06   6.274000e+01
  1.136500e+06   6.264600e+01
  1.137500e+06   6.255100e+01
  1.138500e+06   6.245600e+01
  1.139500e+06   6.236100e+01
  1.140500e+06   6.226600e+01
  1.141500e+06   6.217100e+01
  1.142500e+06   6.207300e+01
  1.143500e+06   6.197600e+01
  1.144500e+06   6.187300e+01
  1.145500e+06   6.176900e+01
  1.146500e+06   6.166500e+01
  1.147500e+06   6.155700e+01
  1.148500e+06   6.145300e+01
  1.149500e+06   6.134900e+01
  1.150500e+06   6.124500e+01
  1.151500e+06   6.113900e+01
  1.152500e+06   6.103300e+01
  1.153500e+06   6.078200e+01
  1.154500e+06   6.067500e+01
  1.155500e+06   6.056900e+01
  1.156500e+06   6.046200e+01
  1.157500e+06   6.035500e+01
  1.158500e+06   5.890900e+01
  1.159500e+06   5.880400e+01
  1.160500e+06   5.869900e+01
  1.161500e+06   5.859300e+01
  1.162500e+06   5.848500e+01
  1.163500e+06   5.258600e+01
  1.164500e+06   5.248000e+01
  1.165500e+06   5.237400e+01
  1.166500e+06   5.226800e+01
  1.167500e+06   5.216100e+01
  1.168500e+06   5.205500e+01
  1.169500e+06   5.194900e+01
  1.170500e+06   5.184200e+01
  1.171500e+06   5.173500e+01
  1.172500e+06   5.162600e+01
  1.173500e+06   5.151700e+01
  1.174500e+06   5.140900e+01
  1.175500e+06   5.130000e+01
  1.176500e+06   5.119100e+01
  1.177500e+06   5.108200e+01
  1.178500e+06   5.097300e+01
  1.179500e+06   5.086500e+01
  1.180500e+06   5.075600e+01
  1.181500e+06   5.064600e+01
  1.182500e+06   5.053400e+01
  1.183500e+06   5.041700e+01
  1.184500e+06   5.030600e+01
  1.185500e+06   5.019400e+01
  1.186500e+06   5.008300e+01
  1.187500e+06   4.997100e+01
  1.188500e+06   4.986000e+01
  1.189500e+06   4.974800e+01
  1.190500e+06   4.963700e+01
  1.191500e+06   4.952400e+01
  1.192500e+06   4.941000e+01
  1.193500e+06   4.929600e+01
  1.194500e+06   4.918200e+01
  1.195500e+06   4.906800e+01
  1.196500e+06   4.895400e+01
  1.197500e+06   4.884000e+01
  1.198500e+06   4.872500e+01
  1.199500e+06   4.861100e+01
  1.200500e+06   4.849700e+01
  1.201500e+06   4.838200e+01
  1.202500e+06   4.826500e+01
  1.203500e+06   4.814800e+01
  1.204500e+06   4.803100e+01
  1.205500e+06   4.791400e+01
  1.206500e+06   4.779700e+01
  1.207500e+06   4.768000e+01
  1.208500e+06   4.756300e+01
  1.209500e+06   4.744600e+01
  1.210500e+06   4.732900e+01
  1.211500e+06   4.721100e+01
  1.212500e+06   4.709100e+01
  1.213500e+06   4.697100e+01
  1.214500e+06   4.685100e+01
  1.215500e+06   4.673100e+01
  1.216500e+06   4.661200e+01
  1.217500e+06   4.649200e+01
  1.218500e+06   4.637200e+01
  1.219500e+06   4.625200e+01
  1.220500e+06   4.613200e+01
  1.221500e+06   4.601100e+01
  1.222500e+06   4.588800e+01
  1.223500e+06   4.576500e+01
  1.224500e+06   4.564200e+01
  1.225500e+06   4.551900e+01
  1.226500e+06   4.536300e+01
  1.227500e+06   4.524000e+01
  1.228500e+06   4.511700e+01
  1.229500e+06   4.499400e+01
  1.230500e+06   4.487100e+01
  1.231500e+06   4.474700e+01
  1.232500e+06   4.462100e+01
  1.233500e+06   4.449500e+01
  1.234500e+06   4.436900e+01
  1.235500e+06   4.424300e+01
  1.236500e+06   4.411700e+01
  1.237500e+06   4.399100e+01
  1.238500e+06   4.386400e+01
  1.239500e+06   4.373800e+01
  1.240500e+06   4.361200e+01
  1.241500e+06   4.348500e+01
  1.242500e+06   4.335500e+01
  1.243500e+06   4.322600e+01
  1.244500e+06   4.309700e+01
  1.245500e+06   4.296800e+01
  1.246500e+06   4.283800e+01
  1.247500e+06   4.270900e+01
  1.248500e+06   4.257900e+01
  1.249500e+06   4.245000e+01
  1.250500e+06   4.232100e+01
  1.251500e+06   4.219000e+01
  1.252500e+06   4.205700e+01
  1.253500e+06   4.191600e+01
  1.254500e+06   4.178400e+01
  1.255500e+06   4.156300e+01
  1.256500e+06   4.143000e+01
  1.257500e+06   4.129800e+01
  1.258500e+06   4.116500e+01
  1.259500e+06   4.103200e+01
  1.260500e+06   4.090000e+01
  1.261500e+06   4.071600e+01
  1.262500e+06   4.058100e+01
  1.263500e+06   4.044500e+01
  1.264500e+06   4.031000e+01
  1.265500e+06   4.017400e+01
  1.266500e+06   4.003900e+01
  1.267500e+06   3.990300e+01
  1.268500e+06   3.976800e+01
  1.269500e+06   3.963200e+01
  1.270500e+06   3.949600e+01
  1.271500e+06   3.936000e+01
  1.272500e+06   3.922300e+01
  1.273500e+06   3.908500e+01
  1.274500e+06   3.894800e+01
  1.275500e+06   3.881100e+01
  1.276500e+06   3.867300e+01
  1.277500e+06   3.849500e+01
  1.278500e+06   3.835800e+01
  1.279500e+06   3.822000e+01
  1.280500e+06   3.808300e+01
  1.281500e+06   3.794600e+01
  1.282500e+06   3.781100e+01
  1.283500e+06   3.767500e+01
  1.284500e+06   3.753900e+01
  1.285500e+06   3.740400e+01
  1.286500e+06   3.726800e+01
  1.287500e+06   3.713200e+01
  1.288500e+06   3.699700e+01
  1.289500e+06   3.686100e+01
  1.290500e+06   3.672500e+01
  1.291500e+06   3.659500e+01
  1.292500e+06   3.617200e+01
  1.293500e+06   3.605100e+01
  1.294500e+06   3.593000e+01
  1.295500e+06   3.580900e+01
  1.296500e+06   3.568800e+01
  1.297500e+06   3.556700e+01
  1.298500e+06   3.544600e+01
  1.299500e+06   3.532500e+01
  1.300500e+06   3.520400e+01
  1.301500e+06   3.510400e+01
  1.302500e+06   3.503500e+01
  1.303500e+06   3.496500e+01
  1.304500e+06   3.489600e+01
  1.305500e+06   3.482700e+01
  1.306500e+06   3.475700e+01
  1.307500e+06   3.468800e+01
  1.308500e+06   3.461900e+01
  1.309500e+06   3.454900e+01
  1.310500e+06   3.448000e+01
  1.311500e+06   6.289200e+00
  1.312500e+06   6.289800e+00
  1.313500e+06   6.290400e+00
  1.314500e+06   6.291000e+00
  1.315500e+06   6.291500e+00
  1.316500e+06   6.292100e+00
  1.317500e+06   6.292600e+00
  1.318500e+06   6.293100e+00
  1.319500e+06   6.293700e+00
  1.320500e+06   6.294200e+00
  1.321500e+06   6.294600e+00
  1.322500e+06   6.295100e+00
  1.323500e+06   6.295600e+00
  1.324500e+06   6.296000e+00
  1.325500e+06   6.296400e+00
  1.326500e+06   6.296800e+00
  1.327500e+06   6.297200e+00
  1.328500e+06   6.297600e+00
  1.329500e+06   6.298000e+00
  1.330500e+06   6.298300e+00
  1.331500e+06   6.298700e+00
  1.332500e+06   6.299000e+00
  1.333500e+06   6.299300e+00
  1.334500e+06   6.299600e+00
  1.335500e+06   6.299900e+00
  1.336500e+06   6.300100e+00
  1.337500e+06   6.300400e+00
  1.338500e+06   6.300600e+00
  1.339500e+06   6.300800e+00
  1.340500e+06   6.301000e+00
  1.341500e+06   6.301200e+00
  1.342500e+06   6.301400e+00
  1.343500e+06   6.301500e+00
  1.344500e+06   6.301700e+00
  1.345500e+06   6.301800e+00
  1.346500e+06   6.301900e+00
  1.347500e+06   6.302000e+00
  1.348500e+06   6.302100e+00
  1.349500e+06   6.302200e+00
  1.350500e+06   6.302300e+00
  1.351500e+06   6.302300e+00
  1.352500e+06   6.302300e+00
  1.353500e+06   6.302300e+00
  1.354500e+06   6.302300e+00
  1.355500e+06   6.302300e+00
  1.356500e+06   6.302300e+00
  1.357500e+06   6.302300e+00
  1.358500e+06   6.302200e+00
  1.359500e+06   6.302100e+00
  1.360500e+06   6.302000e+00
  1.361500e+06   6.301900e+00
  1.362500e+06   6.301800e+00
  1.363500e+06   6.301700e+00
  1.364500e+06   6.301500e+00
  1.365500e+06   6.301400e+00
  1.366500e+06   6.301200e+00
  1.367500e+06   6.301000e+00
  1.368500e+06   6.300800e+00
  1.369500e+06   6.300600e+00
  1.370500e+06   6.300300e+00
  1.371500e+06   6.300100e+00
  1.372500e+06   6.299800e+00
  1.373500e+06   6.299500e+00
  1.374500e+06   6.299300e+00
  1.375500e+06   6.298900e+00
  1.376500e+06   6.298600e+00
  1.377500e+06   6.298300e+00
  1.378500e+06   6.297900e+00
  1.379500e+06   6.297500e+00
  1.380500e+06   6.297200e+00
  1.381500e+06   6.296800e+00
  1.382500e+06   6.255100e+00
  1.383500e+06   6.254800e+00
  1.384500e+06   6.254400e+00
  1.385500e+06   6.254000e+00
  1.386500e+06   6.253600e+00
  1.387500e+06   6.253200e+00
  1.388500e+06   6.252700e+00
  1.389500e+06   6.252300e+00
  1.390500e+06   6.251800e+00
  1.391500e+06   6.251300e+00
  1.392500e+06   6.250800e+00
  1.393500e+06   6.250300e+00
  1.394500e+06   6.249800e+00
  1.395500e+06   6.249200e+00
  1.396500e+06   6.248700e+00
  1.397500e+06   6.248100e+00
  1.398500e+06   6.247500e+00
  1.399500e+06   6.246900e+00
  1.400500e+06   6.246300e+00
  1.401500e+06   6.245700e+00
  1.402500e+06   6.245100e+00
  1.403500e+06   6.244400e+00
  1.404500e+06   6.243700e+00
  1.405500e+06   6.243000e+00
  1.406500e+06   6.242300e+00
  1.407500e+06   6.241600e+00
  1.408500e+06   6.240900e+00
  1.409500e+06   6.240100e+00
  1.410500e+06   6.239400e+00
  1.411500e+06   6.238600e+00
  1.412500e+06   6.237800e+00
  1.413500e+06   6.237000e+00
  1.414500e+06   6.236200e+00
  1.415500e+06   6.235400e+00
  1.416500e+06   6.234500e+00
  1.417500e+06   6.233700e+00
  1.418500e+06   6.232800e+00
  1.419500e+06   6.231900e+00
  1.420500e+06   6.231000e+00
  1.421500e+06   6.230100e+00
  1.422500e+06   6.229100e+00
  1.423500e+06   6.228200e+00
  1.424500e+06   6.227200e+00
  1.425500e+06   6.022900e+00
  1.426500e+06   6.022300e+00
  1.427500e+06   6.021600e+00
  1.428500e+06   6.020900e+00
  1.429500e+06   6.020100e+00
  1.430500e+06   6.019400e+00
  1.431500e+06   6.018600e+00
  1.432500e+06   6.017900e+00
  1.433500e+06   6.017100e+00
  1.434500e+06   6.016300e+00
  1.435500e+06   6.015500e+00
  1.436500e+06   6.014700e+00
  1.437500e+06   6.013900e+00
  1.438500e+06   6.013000e+00
  1.439500e+06   6.012100e+00
  1.440500e+06   6.011300e+00
  1.441500e+06   6.010400e+00
  1.442500e+06   6.009500e+00
  1.443500e+06   6.008600e+00
  1.444500e+06   6.007600e+00
  1.445500e+06   6.006700e+00
  1.446500e+06   6.005700e+00
  1.447500e+06   6.004800e+00
  1.448500e+06   6.003800e+00
  1.449500e+06   6.002800e+00
  1.450500e+06   6.001800e+00
  1.451500e+06   6.000800e+00
  1.452500e+06   5.999700e+00
  1.453500e+06   5.998700e+00
  1.454500e+06   5.997600e+00
  1.455500e+06   5.996500e+00
  1.456500e+06   5.995400e+00
  1.457500e+06   5.994300e+00
  1.458500e+06   5.993200e+00
  1.459500e+06   5.992000e+00
  1.460500e+06   5.990900e+00
  1.461500e+06   5.972500e+00
  1.462500e+06   5.971300e+00
  1.463500e+06   5.970100e+00
  1.464500e+06   5.969000e+00
  1.465500e+06   5.967800e+00
  1.466500e+06   5.966600e+00
  1.467500e+06   5.965300e+00
  1.468500e+06   5.964100e+00
  1.469500e+06   5.962800e+00
  1.470500e+06   5.961600e+00
  1.471500e+06   5.960300e+00
  1.472500e+06   5.959000e+00
  1.473500e+06   5.957700e+00
  1.474500e+06   5.956400e+00
  1.475500e+06   5.955100e+00
  1.476500e+06   5.953700e+00
  1.477500e+06   5.952300e+00
  1.478500e+06   5.951000e+00
  1.479500e+06   5.949600e+00
  1.480500e+06   5.948200e+00
  1.481500e+06   5.946800e+00
  1.482500e+06   5.945300e+00
  1.483500e+06   5.943900e+00
  1.484500e+06   5.942400e+00
  1.485500e+06   5.941000e+00
  1.486500e+06   5.939500e+00
  1.487500e+06   5.938000e+00
  1.488500e+06   5.936500e+00
  1.489500e+06   5.934900e+00
  1.490500e+06   5.933400e+00
  1.491500e+06   5.931800e+00
  1.492500e+06   5.930300e+00
  1.493500e+06   5.928700e+00
  1.494500e+06   5.927100e+00
  1.495500e+06   5.925500e+00
  1.496500e+06   5.923800e+00
  1.497500e+06   5.922200e+00
  1.498500e+06   5.920500e+00
  1.499500e+06   5.918900e+00
  1.500500e+06   5.917200e+00
  1.501500e+06   5.915500e+00
  1.502500e+06   5.913800e+00
  1.503500e+06   5.912100e+00
  1.504500e+06   5.910300e+00
  1.505500e+06   5.908600e+00
  1.506500e+06   5.906800e+00
  1.507500e+06   5.905000e+00
  1.508500e+06   5.525500e+00
  1.509500e+06   5.524300e+00
  1.510500e+06   5.523100e+00
  1.511500e+06   5.521800e+00
  1.512500e+06   5.520600e+00
  1.513500e+06   5.519400e+00
  1.514500e+06   5.518100e+00
  1.515500e+06   5.516800e+00
  1.516500e+06   5.515500e+00
  1.517500e+06   5.514200e+00
  1.518500e+06   5.512900e+00
  1.519500e+06   5.511600e+00
  1.520500e+06   5.510300e+00
  1.521500e+06   5.508900e+00
  1.522500e+06   5.507600e+00
  1.523500e+06   5.506200e+00
  1.524500e+06   5.504800e+00
  1.525500e+06   5.503400e+00
  1.526500e+06   5.299300e+00
  1.527500e+06   5.183300e+00
  1.528500e+06   5.182400e+00
  1.529500e+06   5.176600e+00
  1.530500e+06   5.175700e+00
  1.531500e+06   5.174800e+00
  1.532500e+06   5.173800e+00
  1.533500e+06   5.172900e+00
  1.534500e+06   5.171900e+00
  1.535500e+06   5.170900e+00
  1.536500e+06   5.169900e+00
  1.537500e+06   5.168900e+00
  1.538500e+06   5.167900e+00
  1.539500e+06   5.166900e+00
  1.540500e+06   5.165800e+00
  1.541500e+06   5.164800e+00
  1.542500e+06   4.787100e+00
  1.543500e+06   4.786600e+00
  1.544500e+06   4.786200e+00
  1.545500e+06   4.785700e+00
  1.546500e+06   4.785200e+00
  1.547500e+06   4.784700e+00
  1.548500e+06   4.784200e+00
  1.549500e+06   4.783700e+00
  1.550500e+06   4.783200e+00
  1.551500e+06   4.782600e+00
  1.552500e+06   4.782100e+00
  1.553500e+06   4.781500e+00
  1.554500e+06   4.781000e+00
  1.555500e+06   4.780400e+00
  1.556500e+06   4.779800e+00
  1.557500e+06   4.779200e+00
  1.558500e+06   4.778600e+00
  1.559500e+06   4.778000e+00
  1.560500e+06   4.777400e+00
  1.561500e+06   4.776800e+00
  1.562500e+06   4.776100e+00
  1.563500e+06   4.775500e+00
  1.564500e+06   4.774800e+00
  1.565500e+06   4.774200e+00
  1.566500e+06   4.773500e+00
  1.567500e+06   4.772800e+00
  1.568500e+06   4.772100e+00
  1.569500e+06   4.771400e+00
  1.570500e+06   4.770700e+00
  1.571500e+06   4.770000e+00
  1.572500e+06   4.769200e+00
  1.573500e+06   4.768500e+00
  1.574500e+06   4.767700e+00
  1.575500e+06   4.767000e+00
  1.576500e+06   4.766200e+00
  1.577500e+06   4.765400e+00
  1.578500e+06   4.764600e+00
  1.579500e+06   4.763800e+00
  1.580500e+06   4.763000e+00
  1.581500e+06   4.762200e+00
  1.582500e+06   4.761400e+00
  1.583500e+06   4.760500e+00
  1.584500e+06   4.759700e+00
  1.585500e+06   4.758800e+00
  1.586500e+06   4.758000e+00
  1.587500e+06   4.757100e+00
  1.588500e+06   4.756200e+00
  1.589500e+06   4.755300e+00
  1.590500e+06   4.754400e+00
  1.591500e+06   4.753500e+00
  1.592500e+06   4.752600e+00
  1.593500e+06   4.751600e+00
  1.594500e+06   4.750700e+00
  1.595500e+06   4.749700e+00
  1.596500e+06   4.748800e+00
  1.597500e+06   4.747800e+00
  1.598500e+06   4.746800e+00
  1.599500e+06   4.745800e+00
  1.600500e+06   4.744800e+00
  1.601500e+06   4.743800e+00
  1.602500e+06   4.742800e+00
  1.603500e+06   4.741700e+00
  1.604500e+06   4.740700e+00
  1.605500e+06   4.739600e+00
  1.606500e+06   4.738600e+00
  1.607500e+06   4.737500e+00
  1.608500e+06   4.736400e+00
  1.609500e+06   4.735300e+00
  1.610500e+06   4.734200e+00
  1.611500e+06   4.720300e+00
  1.612500e+06   4.719300e+00
  1.613500e+06   4.718100e+00
  1.614500e+06   4.717000e+00
  1.615500e+06   4.715900e+00
  1.616500e+06   4.714800e+00
  1.617500e+06   4.713600e+00
  1.618500e+06   4.712500e+00
  1.619500e+06   4.711300e+00
  1.620500e+06   4.710100e+00
  1.621500e+06   4.709000e+00
  1.622500e+06   4.707800e+00
  1.623500e+06   4.706600e+00
  1.624500e+06   4.705400e+00
  1.625500e+06   4.704100e+00
  1.626500e+06   4.702900e+00
  1.627500e+06   4.701700e+00
  1.628500e+06   4.700400e+00
  1.629500e+06   4.699200e+00
  1.630500e+06   4.697900e+00
  1.631500e+06   4.696600e+00
  1.632500e+06   4.695300e+00
  1.633500e+06   4.694000e+00
  1.634500e+06   4.692700e+00
  1.635500e+06   4.691400e+00
  1.636500e+06   4.690100e+00
  1.637500e+06   4.688800e+00
  1.638500e+06   4.687400e+00
  1.639500e+06   4.686100e+00
  1.640500e+06   4.684700e+00
  1.641500e+06   4.683300e+00
  1.642500e+06   4.681900e+00
  1.643500e+06   4.680500e+00
  1.644500e+06   4.679100e+00
  1.645500e+06   4.677700e+00
  1.646500e+06   4.676300e+00
  1.647500e+06   4.674900e+00
  1.648500e+06   4.673400e+00
  1.649500e+06   4.672000e+00
  1.650500e+06   4.670500e+00
  1.651500e+06   4.669100e+00
  1.652500e+06   4.667600e+00
  1.653500e+06   4.666100e+00
  1.654500e+06   4.664600e+00
  1.655500e+06   4.663100e+00
  1.656500e+06   4.661600e+00
  1.657500e+06   4.660100e+00
  1.658500e+06   4.658500e+00
  1.659500e+06   4.657000e+00
  1.660500e+06   4.655400e+00
  1.661500e+06   4.653900e+00
  1.662500e+06   4.652300e+00
  1.663500e+06   4.650700e+00
  1.664500e+06   4.649100e+00
  1.665500e+06   4.647500e+00
  1.666500e+06   4.645900e+00
  1.667500e+06   4.644300e+00
  1.668500e+06   4.642700e+00
  1.669500e+06   4.641000e+00
  1.670500e+06   4.639400e+00
  1.671500e+06   4.637700e+00
  1.672500e+06   4.636100e+00
  1.673500e+06   4.634400e+00
  1.674500e+06   4.632700e+00
  1.675500e+06   4.631000e+00
  1.676500e+06   4.629300e+00
  1.677500e+06   4.627600e+00
  1.678500e+06   4.625900e+00
  1.679500e+06   4.624100e+00
  1.680500e+06   4.622400e+00
  1.681500e+06   4.620600e+00
  1.682500e+06   4.618900e+00
  1.683500e+06   4.617100e+00
  1.684500e+06   4.615300e+00
  1.685500e+06   4.613500e+00
  1.686500e+06   4.611700e+00
  1.687500e+06   4.609900e+00
  1.688500e+06   4.608100e+00
  1.689500e+06   4.606300e+00
  1.690500e+06   4.604400e+00
  1.691500e+06   4.602600e+00
  1.692500e+06   4.600700e+00
  1.693500e+06   4.598900e+00
  1.694500e+06   4.597000e+00
  1.695500e+06   4.595100e+00
  1.696500e+06   4.593200e+00
  1.697500e+06   4.591300e+00
  1.698500e+06   4.589400e+00
  1.699500e+06   4.587500e+00
  1.700500e+06   4.585500e+00
  1.701500e+06   4.583600e+00
  1.702500e+06   4.581700e+00
  1.703500e+06   4.579700e+00
  1.704500e+06   4.577700e+00
  1.705500e+06   4.575700e+00
  1.706500e+06   4.573800e+00
  1.707500e+06   4.571800e+00
  1.708500e+06   4.569700e+00
  1.709500e+06   4.567700e+00
  1.710500e+06   4.565700e+00
  1.711500e+06   4.563700e+00
  1.712500e+06   4.561600e+00
  1.713500e+06   4.559600e+00
  1.714500e+06   4.557500e+00
  1.715500e+06   4.555400e+00
  1.716500e+06   4.553300e+00
  1.717500e+06   4.551300e+00
  1.718500e+06   4.549200e+00
  1.719500e+06   4.547000e+00
  1.720500e+06   4.544900e+00
  1.721500e+06   4.542800e+00
  1.722500e+06   4.540700e+00
  1.723500e+06   4.538500e+00
  1.724500e+06   4.536300e+00
  1.725500e+06   4.534200e+00
  1.726500e+06   4.532000e+00
  1.727500e+06   4.529800e+00
  1.728500e+06   4.527600e+00
  1.729500e+06   4.471700e+00
  1.730500e+06   4.469600e+00
  1.731500e+06   4.209000e+00
  1.732500e+06   4.207300e+00
  1.733500e+06   4.205500e+00
  1.734500e+06   4.203800e+00
  1.735500e+06   4.202100e+00
  1.736500e+06   4.200300e+00
  1.737500e+06   4.198600e+00
  1.738500e+06   4.196800e+00
  1.739500e+06   4.195100e+00
  1.740500e+06   4.193300e+00
  1.741500e+06   4.191500e+00
  1.742500e+06   4.189700e+00
  1.743500e+06   4.187900e+00
  1.744500e+06   4.186100e+00
  1.745500e+06   4.184300e+00
  1.746500e+06   4.182500e+00
  1.747500e+06   4.180600e+00
  1.748500e+06   4.178800e+00
  1.749500e+06   4.176900e+00
  1.750500e+06   4.175100e+00
  1.751500e+06   4.173200e+00
  1.752500e+06   4.171300e+00
  1.753500e+06   4.169500e+00
  1.754500e+06   4.167600e+00
  1.755500e+06   4.165700e+00
  1.756500e+06   4.163800e+00
  1.757500e+06   4.161800e+00
  1.758500e+06   4.159900e+00
  1.759500e+06   4.158000e+00
  1.760500e+06   4.156000e+00
  1.761500e+06   4.154100e+00
  1.762500e+06   4.152100e+00
  1.763500e+06   4.150200e+00
  1.764500e+06   4.148200e+00
  1.765500e+06   4.146200e+00
  1.766500e+06   4.144200e+00
  1.767500e+06   4.142200e+00
  1.768500e+06   4.140200e+00
  1.769500e+06   4.138200e+00
  1.770500e+06   4.136200e+00
  1.771500e+06   4.134100e+00
  1.772500e+06   4.132100e+00
  1.773500e+06   4.130100e+00
  1.774500e+06   4.128000e+00
  1.775500e+06   4.125900e+00
  1.776500e+06   4.123900e+00
  1.777500e+06   4.121800e+00
  1.778500e+06   4.119700e+00
  1.779500e+06   4.117600e+00
  1.780500e+06   4.115500e+00
  1.781500e+06   4.113400e+00
  1.782500e+06   4.111200e+00
  1.783500e+06   4.109100e+00
  1.784500e+06   4.107000e+00
  1.785500e+06   4.104800e+00
  1.786500e+06   4.102700e+00
  1.787500e+06   4.100500e+00
  1.788500e+06   4.098300e+00
  1.789500e+06   4.096100e+00
  1.790500e+06   4.093900e+00
  1.791500e+06   4.091700e+00
  1.792500e+06   4.089500e+00
  1.793500e+06   4.087300e+00
  1.794500e+06   4.085100e+00
  1.795500e+06   4.082900e+00
  1.796500e+06   4.080600e+00
  1.797500e+06   4.078400e+00
  1.798500e+06   4.076100e+00
  1.799500e+06   4.062600e+00
  1.800500e+06   4.060300e+00
  1.801500e+06   4.058100e+00
  1.802500e+06   4.055800e+00
  1.803500e+06   3.716100e+00
  1.804500e+06   3.714500e+00
  1.805500e+06   3.712800e+00
  1.806500e+06   3.711100e+00
  1.807500e+06   3.709500e+00
  1.808500e+06   3.707800e+00
  1.809500e+06   3.706100e+00
  1.810500e+06   3.704400e+00
  1.811500e+06   3.702700e+00
  1.812500e+06   3.700900e+00
  1.813500e+06   3.699200e+00
  1.814500e+06   3.697500e+00
  1.815500e+06   3.695700e+00
  1.816500e+06   3.694000e+00
  1.817500e+06   3.692200e+00
  1.818500e+06   3.690500e+00
  1.819500e+06   3.688700e+00
  1.820500e+06   3.686900e+00
  1.821500e+06   3.685200e+00
  1.822500e+06   3.683400e+00
  1.823500e+06   3.681600e+00
  1.824500e+06   3.679800e+00
  1.825500e+06   3.678000e+00
  1.826500e+06   3.676200e+00
  1.827500e+06   3.674300e+00
  1.828500e+06   3.672500e+00
  1.829500e+06   3.670700e+00
  1.830500e+06   3.668800e+00
  1.831500e+06   3.667000e+00
  1.832500e+06   3.665100e+00
  1.833500e+06   3.663200e+00
  1.834500e+06   3.661400e+00
  1.835500e+06   3.659500e+00
  1.836500e+06   3.657600e+00
  1.837500e+06   3.655700e+00
  1.838500e+06   3.653800e+00
  1.839500e+06   3.651900e+00
  1.840500e+06   3.650000e+00
  1.841500e+06   3.648000e+00
  1.842500e+06   3.646100e+00
  1.843500e+06   3.644200e+00
  1.844500e+06   3.642200e+00
  1.845500e+06   3.640300e+00
  1.846500e+06   3.638300e+00
  1.847500e+06   3.636400e+00
  1.848500e+06   3.634400e+00
  1.849500e+06   3.632400e+00
  1.850500e+06   3.630400e+00
  1.851500e+06   3.628400e+00
  1.852500e+06   3.626400e+00
  1.853500e+06   3.624400e+00
  1.854500e+06   3.622400e+00
  1.855500e+06   3.620400e+00
  1.856500e+06   3.618300e+00
  1.857500e+06   3.602800e+00
  1.858500e+06   3.600800e+00
  1.859500e+06   3.598700e+00
  1.860500e+06   3.596700e+00
  1.861500e+06   3.594600e+00
  1.862500e+06   3.592600e+00
  1.863500e+06   3.590500e+00
  1.864500e+06   3.588500e+00
  1.865500e+06   3.586400e+00
  1.866500e+06   3.584300e+00
  1.867500e+06   3.582200e+00
  1.868500e+06   3.580100e+00
  1.869500e+06   3.578000e+00
  1.870500e+06   3.575900e+00
  1.871500e+06   3.573800e+00
  1.872500e+06   3.571700e+00
  1.873500e+06   3.569600e+00
  1.874500e+06   3.567500e+00
  1.875500e+06   3.565300e+00
  1.876500e+06   3.563200e+00
  1.877500e+06   3.561000e+00
  1.878500e+06   3.558900e+00
  1.879500e+06   3.556700e+00
  1.880500e+06   3.554500e+00
  1.881500e+06   3.552400e+00
  1.882500e+06   3.550200e+00
  1.883500e+06   3.548000e+00
  1.884500e+06   3.545800e+00
  1.885500e+06   3.543600e+00
  1.886500e+06   3.541400e+00
  1.887500e+06   3.539100e+00
  1.888500e+06   3.536900e+00
  1.889500e+06   3.534700e+00
  1.890500e+06   3.532400e+00
  1.891500e+06   3.530200e+00
  1.892500e+06   3.527900e+00
  1.893500e+06   3.525700e+00
  1.894500e+06   3.415900e+00
  1.895500e+06   3.413800e+00
  1.896500e+06   3.411700e+00
  1.897500e+06   3.409600e+00
  1.898500e+06   3.407600e+00
  1.899500e+06   3.405500e+00
  1.900500e+06   3.403300e+00
  1.901500e+06   3.401200e+00
  1.902500e+06   3.399100e+00
  1.903500e+06   3.397000e+00
  1.904500e+06   3.394900e+00
  1.905500e+06   3.392700e+00
  1.906500e+06   3.390600e+00
  1.907500e+06   3.388400e+00
  1.908500e+06   3.386300e+00
  1.909500e+06   3.384100e+00
  1.910500e+06   3.381900e+00
  1.911500e+06   3.379700e+00
  1.912500e+06   3.377500e+00
  1.913500e+06   3.375400e+00
  1.914500e+06   3.373200e+00
  1.915500e+06   3.371000e+00
  1.916500e+06   3.368700e+00
  1.917500e+06   3.366500e+00
  1.918500e+06   3.364300e+00
  1.919500e+06   3.362100e+00
  1.920500e+06   3.359800e+00
  1.921500e+06   3.357600e+00
  1.922500e+06   3.355300e+00
  1.923500e+06   3.353100e+00
  1.924500e+06   3.350800e+00
  1.925500e+06   3.348500e+00
  1.926500e+06   3.346300e+00
  1.927500e+06   3.344000e+00
  1.928500e+06   3.341700e+00
  1.929500e+06   3.339400e+00
  1.930500e+06   3.337100e+00
  1.931500e+06   3.334800e+00
  1.932500e+06   3.332500e+00
  1.933500e+06   3.330200e+00
  1.934500e+06   3.327800e+00
  1.935500e+06   3.325500e+00
  1.936500e+06   3.323200e+00
  1.937500e+06   3.320800e+00
  1.938500e+06   3.318500e+00
  1.939500e+06   3.316100e+00
  1.940500e+06   3.279000e+00
  1.941500e+06   3.276700e+00
  1.942500e+06   3.274400e+00
  1.943500e+06   3.272100e+00
  1.944500e+06   3.269800e+00
  1.945500e+06   3.267400e+00
  1.946500e+06   3.265100e+00
  1.947500e+06   3.262700e+00
  1.948500e+06   3.260400e+00
  1.949500e+06   3.258000e+00
  1.950500e+06   3.255700e+00
  1.951500e+06   3.253300e+00
  1.952500e+06   3.250900e+00
  1.953500e+06   3.248500e+00
  1.954500e+06   3.246100e+00
  1.955500e+06   3.243700e+00
  1.956500e+06   3.241300e+00
  1.957500e+06   3.238900e+00
  1.958500e+06   3.236500e+00
  1.959500e+06   3.234100e+00
  1.960500e+06   3.231700e+00
  1.961500e+06   3.229200e+00
  1.962500e+06   3.226800e+00
  1.963500e+06   3.224300e+00
  1.964500e+06   3.221900e+00
  1.965500e+06   3.219400e+00
  1.966500e+06   3.216900e+00
  1.967500e+06   3.214500e+00
  1.968500e+06   3.212000e+00
  1.969500e+06   3.209500e+00
  1.970500e+06   3.207000e+00
  1.971500e+06   3.204500e+00
  1.972500e+06   3.202000e+00
  1.973500e+06   3.199500e+00
  1.974500e+06   3.197000e+00
  1.975500e+06   3.194500e+00
  1.976500e+06   3.192000e+00
  1.977500e+06   3.189400e+00
  1.978500e+06   3.186900e+00
  1.979500e+06   3.184300e+00
  1.980500e+06   3.181800e+00
  1.981500e+06   3.179200e+00
  1.982500e+06   3.176700e+00
  1.983500e+06   3.174100e+00
  1.984500e+06   3.171500e+00
  1.985500e+06   3.168900e+00
  1.986500e+06   3.166300e+00
  1.987500e+06   3.163700e+00
  1.988500e+06   3.161100e+00
  1.989500e+06   3.158500e+00
  1.990500e+06   3.155900e+00
  1.991500e+06   3.153300e+00
  1.992500e+06   3.150700e+00
  1.993500e+06   3.148100e+00
  1.994500e+06   3.145400e+00
  1.995500e+06   3.142800e+00
  1.996500e+06   3.140100e+00
  1.997500e+06   3.137500e+00
  1.998500e+06   3.134800e+00
  1.999500e+06   3.132100e+00
  2.000500e+06   3.129500e+00
  2.001500e+06   3.126800e+00
  2.002500e+06   3.124100e+00
  2.003500e+06   3.121400e+00
  2.004500e+06   3.118700e+00
  2.005500e+06   3.116000e+00
  2.006500e+06   3.113300e+00
  2.007500e+06   3.110600e+00
  2.008500e+06   3.107900e+00
  2.009500e+06   3.105200e+00
  2.010500e+06   3.102400e+00
  2.011500e+06   3.099700e+00
  2.012500e+06   3.096900e+00
  2.013500e+06   3.094200e+00
  2.014500e+06   3.091400e+00
  2.015500e+06   3.088700e+00
  2.016500e+06   3.085900e+00
  2.017500e+06   3.083100e+00
  2.018500e+06   3.080400e+00
  2.019500e+06   3.077600e+00
  2.020500e+06   3.074800e+00
  2.021500e+06   3.072000e+00
  2.022500e+06   3.069200e+00
  2.023500e+06   3.066400e+00
  2.024500e+06   3.063500e+00
  2.025500e+06   3.060700e+00
  2.026500e+06   3.057900e+00
  2.027500e+06   3.055000e+00
  2.028500e+06   3.052200e+00
  2.029500e+06   3.049400e+00
  2.030500e+06   3.046500e+00
  2.031500e+06   3.043700e+00
  2.032500e+06   3.040800e+00
  2.033500e+06   3.037900e+00
  2.034500e+06   3.035100e+00
  2.035500e+06   3.032200e+00
  2.036500e+06   3.029300e+00
  2.037500e+06   3.026400e+00
  2.038500e+06   3.023500e+00
  2.039500e+06   3.020600e+00
  2.040500e+06   3.017700e+00
  2.041500e+06   3.014800e+00
  2.042500e+06   3.011900e+00
  2.043500e+06   3.008900e+00
  2.044500e+06   3.006000e+00
  2.045500e+06   3.003100e+00
  2.046500e+06   3.000100e+00
  2.047500e+06   2.997200e+00
  2.048500e+06   2.994200e+00
  2.049500e+06   2.991300e+00
  2.050500e+06   2.988300e+00
  2.051500e+06   2.985300e+00
  2.052500e+06   2.982400e+00
  2.053500e+06   2.979400e+00
  2.054500e+06   2.976400e+00
  2.055500e+06   2.973400e+00
  2.056500e+06   2.970400e+00
  2.057500e+06   2.967400e+00
  2.058500e+06   2.964400e+00
  2.059500e+06   2.961400e+00
  2.060500e+06   2.958400e+00
  2.061500e+06   2.955300e+00
  2.062500e+06   2.952300e+00
  2.063500e+06   2.949300e+00
  2.064500e+06   2.946200e+00
  2.065500e+06   2.943200e+00
  2.066500e+06   2.940100e+00
  2.067500e+06   2.937100e+00
  2.068500e+06   2.934000e+00
  2.069500e+06   2.768200e+00
  2.070500e+06   2.765400e+00
  2.071500e+06   2.762700e+00
  2.072500e+06   2.759900e+00
  2.073500e+06   2.757100e+00
  2.074500e+06   2.754300e+00
  2.075500e+06   2.751500e+00
  2.076500e+06   2.748700e+00
  2.077500e+06   2.745900e+00
  2.078500e+06   2.743000e+00
  2.079500e+06   2.740200e+00
  2.080500e+06   2.737400e+00
  2.081500e+06   2.734600e+00
  2.082500e+06   2.731700e+00
  2.083500e+06   2.728900e+00
  2.084500e+06   2.726000e+00
  2.085500e+06   2.723200e+00
  2.086500e+06   2.720300e+00
  2.087500e+06   2.717500e+00
  2.088500e+06   2.714600e+00
  2.089500e+06   2.711700e+00
  2.090500e+06   2.708900e+00
  2.091500e+06   2.706000e+00
  2.092500e+06   2.703100e+00
  2.093500e+06   2.700200e+00
  2.094500e+06   2.697300e+00
  2.095500e+06   2.694400e+00
  2.096500e+06   2.691500e+00
  2.097500e+06   2.688600e+00
  2.098500e+06   2.685700e+00
  2.099500e+06   2.682700e+00
  2.100500e+06   2.679800e+00
  2.101500e+06   2.676900e+00
  2.102500e+06   2.674000e+00
  2.103500e+06   2.671000e+00
  2.104500e+06   2.668100e+00
  2.105500e+06   2.665100e+00
  2.106500e+06   2.662200e+00
  2.107500e+06   2.659200e+00
  2.108500e+06   2.656200e+00
  2.109500e+06   2.653300e+00
  2.110500e+06   2.650300e+00
  2.111500e+06   2.647300e+00
  2.112500e+06   2.644300e+00
  2.113500e+06   2.641300e+00
  2.114500e+06   2.638400e+00
  2.115500e+06   2.635400e+00
  2.116500e+06   2.632400e+00
  2.117500e+06   2.629300e+00
  2.118500e+06   2.626300e+00
  2.119500e+06   2.623300e+00
  2.120500e+06   2.620300e+00
  2.121500e+06   2.617300e+00
  2.122500e+06   2.614200e+00
  2.123500e+06   2.611200e+00
  2.124500e+06   2.608200e+00
  2.125500e+06   2.605100e+00
  2.126500e+06   2.602100e+00
  2.127500e+06   2.599000e+00
  2.128500e+06   2.595900e+00
  2.129500e+06   2.592900e+00
  2.130500e+06   2.589800e+00
  2.131500e+06   2.586700e+00
  2.132500e+06   2.583700e+00
  2.133500e+06   2.580600e+00
  2.134500e+06   2.577500e+00
  2.135500e+06   2.574400e+00
  2.136500e+06   2.571300e+00
  2.137500e+06   2.568200e+00
  2.138500e+06   2.565100e+00
  2.139500e+06   2.562000e+00
  2.140500e+06   2.558900e+00
  2.141500e+06   2.555700e+00
  2.142500e+06   2.552600e+00
  2.143500e+06   2.549500e+00
  2.144500e+06   2.546300e+00
  2.145500e+06   2.543200e+00
  2.146500e+06   2.540100e+00
  2.147500e+06   2.536900e+00
  2.148500e+06   2.533800e+00
  2.149500e+06   2.530600e+00
  2.150500e+06   2.527400e+00
  2.151500e+06   2.524300e+00
  2.152500e+06   2.521100e+00
  2.153500e+06   2.517900e+00
  2.154500e+06   2.514700e+00
  2.155500e+06   2.511600e+00
  2.156500e+06   2.508400e+00
  2.157500e+06   2.505200e+00
  2.158500e+06   2.502000e+00
  2.159500e+06   2.498800e+00
  2.160500e+06   2.495600e+00
  2.161500e+06   2.492300e+00
  2.162500e+06   2.489100e+00
  2.163500e+06   2.485900e+00
  2.164500e+06   2.482700e+00
  2.165500e+06   2.479400e+00
  2.166500e+06   2.476200e+00
  2.167500e+06   2.473000e+00
  2.168500e+06   2.469700e+00
  2.169500e+06   2.466500e+00
  2.170500e+06   2.463200e+00
  2.171500e+06   2.460000e+00
  2.172500e+06   2.456700e+00
  2.173500e+06   2.453400e+00
  2.174500e+06   2.450200e+00
  2.175500e+06   2.446900e+00
  2.176500e+06   2.443600e+00
  2.177500e+06   2.440300e+00
  2.178500e+06   2.437000e+00
  2.179500e+06   2.433700e+00
  2.180500e+06   2.430400e+00
  2.181500e+06   2.427100e+00
  2.182500e+06   2.423800e+00
  2.183500e+06   2.420500e+00
  2.184500e+06   2.417200e+00
  2.185500e+06   2.413900e+00
  2.186500e+06   2.410500e+00
  2.187500e+06   2.407200e+00
  2.188500e+06   2.403900e+00
  2.189500e+06   2.400500e+00
  2.190500e+06   2.397200e+00
  2.191500e+06   2.393800e+00
  2.192500e+06   2.390500e+00
  2.193500e+06   2.387100e+00
  2.194500e+06   2.383800e+00
  2.195500e+06   2.380400e+00
  2.196500e+06   2.377000e+00
  2.197500e+06   2.373600e+00
  2.198500e+06   2.370300e+00
  2.199500e+06   2.366900e+00
  2.200500e+06   2.363500e+00
  2.201500e+06   2.360100e+00
  2.202500e+06   2.356700e+00
  2.203500e+06   2.353300e+00
  2.204500e+06   2.349900e+00
  2.205500e+06   2.346500e+00
  2.206500e+06   2.343000e+00
  2.207500e+06   2.339600e+00
  2.208500e+06   2.336200e+00
  2.209500e+06   2.332800e+00
  2.210500e+06   2.329300e+00
  2.211500e+06   2.325900e+00
  2.212500e+06   2.322400e+00
  2.213500e+06   2.319000e+00
  2.214500e+06   2.315500e+00
  2.215500e+06   2.312100e+00
  2.216500e+06   2.308600e+00
  2.217500e+06   2.305100e+00
  2.218500e+06   2.301700e+00
  2.219500e+06   2.298200e+00
  2.220500e+06   2.294700e+00
  2.221500e+06   2.291200e+00
  2.222500e+06   2.287700e+00
  2.223500e+06   2.284200e+00
  2.224500e+06   2.280700e+00
  2.225500e+06   2.277200e+00
  2.226500e+06   2.273700e+00
  2.227500e+06   2.270200e+00
  2.228500e+06   2.266700e+00
  2.229500e+06   2.263100e+00
  2.230500e+06   2.259600e+00
  2.231500e+06   2.256100e+00
  2.232500e+06   2.252500e+00
  2.233500e+06   2.249000e+00
  2.234500e+06   2.245500e+00
  2.235500e+06   2.241900e+00
  2.236500e+06   2.238300e+00
  2.237500e+06   2.234800e+00
  2.238500e+06   2.231200e+00
  2.239500e+06   2.227600e+00
  2.240500e+06   2.224100e+00
  2.241500e+06   2.220500e+00
  2.242500e+06   2.216900e+00
  2.243500e+06   2.213300e+00
  2.244500e+06   2.209700e+00
  2.245500e+06   2.206100e+00
  2.246500e+06   2.202500e+00
  2.247500e+06   2.198900e+00
  2.248500e+06   2.195300e+00
  2.249500e+06   2.191700e+00
  2.250500e+06   2.188100e+00
  2.251500e+06   2.184400e+00
  2.252500e+06   2.180800e+00
  2.253500e+06   2.177200e+00
  2.254500e+06   1.448100e+00
  2.255500e+06   1.446000e+00
  2.256500e+06   1.443800e+00
  2.257500e+06   1.441700e+00
  2.258500e+06   1.439500e+00
  2.259500e+06   1.437300e+00
  2.260500e+06   1.435100e+00
  2.261500e+06   1.433000e+00
  2.262500e+06   1.430800e+00
  2.263500e+06   1.428600e+00
  2.264500e+06   1.426400e+00
  2.265500e+06   1.424200e+00
  2.266500e+06   1.422000e+00
  2.267500e+06   1.419900e+00
  2.268500e+06   1.417700e+00
  2.269500e+06   1.415500e+00
  2.270500e+06   1.413300e+00
  2.271500e+06   2.670700e-01
  2.272500e+06   2.670200e-01
  2.273500e+06   2.669800e-01
  2.274500e+06   2.669400e-01
  2.275500e+06   2.668900e-01
  2.276500e+06   2.668500e-01
  2.277500e+06   2.668100e-01
  2.278500e+06   2.667600e-01
  2.279500e+06   2.667200e-01
  2.280500e+06   2.666700e-01
  2.281500e+06   2.666300e-01
  2.282500e+06   2.665800e-01
  2.283500e+06   2.665400e-01
  2.284500e+06   2.664900e-01
  2.285500e+06   2.664400e-01
  2.286500e+06   2.664000e-01
  2.287500e+06   2.663500e-01
  2.288500e+06   2.663000e-01
  2.289500e+06   2.662600e-01
  2.290500e+06   2.662100e-01
  2.291500e+06   2.661600e-01
  2.292500e+06   2.661100e-01
  2.293500e+06   2.660600e-01
  2.294500e+06   2.660200e-01
  2.295500e+06   2.659700e-01
  2.296500e+06   2.659200e-01
  2.297500e+06   2.658700e-01
  2.298500e+06   2.658200e-01
  2.299500e+06   2.657700e-01
  2.300500e+06   2.657200e-01
  2.301500e+06   2.656700e-01
  2.302500e+06   2.656100e-01
  2.303500e+06   2.655600e-01
  2.304500e+06   2.655100e-01
  2.305500e+06   2.654600e-01
  2.306500e+06   2.654100e-01
  2.307500e+06   2.653600e-01
  2.308500e+06   2.653000e-01
  2.309500e+06   2.652500e-01
  2.310500e+06   2.652000e-01
  2.311500e+06   2.651400e-01
  2.312500e+06   2.650900e-01
  2.313500e+06   2.650400e-01
  2.314500e+06   2.649800e-01
  2.315500e+06   2.649300e-01
  2.316500e+06   2.648700e-01
  2.317500e+06   2.648200e-01
  2.318500e+06   2.647600e-01
  2.319500e+06   2.647000e-01
  2.320500e+06   2.646500e-01
  2.321500e+06   2.645900e-01
  2.322500e+06   2.645400e-01
  2.323500e+06   2.644800e-01
  2.324500e+06   2.644200e-01
  2.325500e+06   2.643600e-01
  2.326500e+06   2.643100e-01
  2.327500e+06   2.642500e-01
  2.328500e+06   2.641900e-01
  2.329500e+06   2.641300e-01
  2.330500e+06   2.640700e-01
  2.331500e+06   2.640100e-01
  2.332500e+06   2.639600e-01
  2.333500e+06   2.639000e-01
  2.334500e+06   2.638400e-01
  2.335500e+06   2.637800e-01
  2.336500e+06   2.637100e-01
  2.337500e+06   2.636500e-01
  2.338500e+06   2.635900e-01
  2.339500e+06   2.635300e-01
  2.340500e+06   2.634700e-01
  2.341500e+06   2.634100e-01
  2.342500e+06   2.633500e-01
  2.343500e+06   2.632800e-01
  2.344500e+06   2.632200e-01
  2.345500e+06   2.631600e-01
  2.346500e+06   2.630900e-01
  2.347500e+06   2.630300e-01
  2.348500e+06   2.629700e-01
  2.349500e+06   2.629000e-01
  2.350500e+06   2.628400e-01
  2.351500e+06   2.627700e-01
  2.352500e+06   2.627100e-01
  2.353500e+06   2.626400e-01
  2.354500e+06   2.625800e-01
  2.355500e+06   2.625100e-01
  2.356500e+06   2.624500e-01
  2.357500e+06   2.623800e-01
  2.358500e+06   2.623100e-01
  2.359500e+06   2.622500e-01
  2.360500e+06   2.621800e-01
  2.361500e+06   2.621100e-01
  2.362500e+06   2.620400e-01
  2.363500e+06   2.619800e-01
  2.364500e+06   2.619100e-01
  2.365500e+06   2.618400e-01
  2.366500e+06   2.617700e-01
  2.367500e+06   2.617000e-01
  2.368500e+06   2.616300e-01
  2.369500e+06   2.615600e-01
  2.370500e+06   2.614900e-01
  2.371500e+06   2.614200e-01
  2.372500e+06   2.613500e-01
  2.373500e+06   2.612800e-01
  2.374500e+06   2.612100e-01
  2.375500e+06   2.611400e-01
  2.376500e+06   2.610700e-01
  2.377500e+06   2.610000e-01
  2.378500e+06   2.609200e-01
  2.379500e+06   2.608500e-01
  2.380500e+06   2.607800e-01
  2.381500e+06   2.607100e-01
  2.382500e+06   2.606300e-01
  2.383500e+06   2.605600e-01
  2.384500e+06   2.604900e-01
  2.385500e+06   2.604100e-01
  2.386500e+06   2.603400e-01
  2.387500e+06   2.602600e-01
  2.388500e+06   2.601900e-01
  2.389500e+06   2.601100e-01
  2.390500e+06   2.600400e-01
  2.391500e+06   2.599600e-01
  2.392500e+06   2.598900e-01
  2.393500e+06   2.598100e-01
  2.394500e+06   2.597300e-01
  2.395500e+06   2.596600e-01
  2.396500e+06   2.595800e-01
  2.397500e+06   2.595000e-01
  2.398500e+06   2.594200e-01
  2.399500e+06   2.593500e-01
  2.400500e+06   2.592700e-01
  2.401500e+06   2.591900e-01
  2.402500e+06   2.591100e-01
  2.403500e+06   2.590300e-01
  2.404500e+06   2.589500e-01
  2.405500e+06   2.588700e-01
  2.406500e+06   2.587900e-01
  2.407500e+06   2.587100e-01
  2.408500e+06   2.586300e-01
  2.409500e+06   2.585500e-01
  2.410500e+06   2.584700e-01
  2.411500e+06   2.583900e-01
  2.412500e+06   2.583100e-01
  2.413500e+06   2.582300e-01
  2.414500e+06   2.581200e-01
  2.415500e+06   2.580400e-01
  2.416500e+06   2.579600e-01
  2.417500e+06   2.578800e-01
  2.418500e+06   2.577900e-01
  2.419500e+06   2.577100e-01
  2.420500e+06   2.576300e-01
  2.421500e+06   2.575400e-01
  2.422500e+06   2.574600e-01
  2.423500e+06   2.573700e-01
  2.424500e+06   2.572900e-01
  2.425500e+06   2.572000e-01
  2.426500e+06   2.571200e-01
  2.427500e+06   2.570300e-01
  2.428500e+06   2.569500e-01
  2.429500e+06   2.568600e-01
  2.430500e+06   2.567700e-01
  2.431500e+06   2.566900e-01
  2.432500e+06   2.566000e-01
  2.433500e+06   2.565100e-01
  2.434500e+06   2.564300e-01
  2.435500e+06   2.563400e-01
  2.436500e+06   2.562500e-01
  2.437500e+06   2.561600e-01
  2.438500e+06   2.560700e-01
  2.439500e+06   2.559800e-01
  2.440500e+06   2.558900e-01
  2.441500e+06   2.558100e-01
  2.442500e+06   2.557200e-01
  2.443500e+06   2.556300e-01
  2.444500e+06   2.555400e-01
  2.445500e+06   2.554400e-01
  2.446500e+06   2.553500e-01
  2.447500e+06   2.552600e-01
  2.448500e+06   2.551700e-01
  2.449500e+06   2.550800e-01
  2.450500e+06   2.549900e-01
  2.451500e+06   2.549000e-01
  2.452500e+06   2.548000e-01
  2.453500e+06   2.547100e-01
  2.454500e+06   2.546200e-01
  2.455500e+06   2.545200e-01
  2.456500e+06   2.544300e-01
  2.457500e+06   2.543400e-01
  2.458500e+06   2.542400e-01
  2.459500e+06   2.541500e-01
  2.460500e+06   2.540500e-01
  2.461500e+06   2.539600e-01
  2.462500e+06   2.538600e-01
  2.463500e+06   2.537700e-01
  2.464500e+06   2.536700e-01
  2.465500e+06   2.535800e-01
  2.466500e+06   2.534800e-01
  2.467500e+06   2.533800e-01
  2.468500e+06   2.532900e-01
  2.469500e+06   2.531900e-01
  2.470500e+06   2.530900e-01
  2.471500e+06   2.530000e-01
  2.472500e+06   2.529000e-01
  2.473500e+06   2.528000e-01
  2.474500e+06   2.527000e-01
  2.475500e+06   2.526000e-01
  2.476500e+06   2.525000e-01
  2.477500e+06   2.524000e-01
  2.478500e+06   2.523000e-01
  2.479500e+06   2.522000e-01
  2.480500e+06   2.521000e-01
  2.481500e+06   2.520000e-01
  2.482500e+06   2.519000e-01
  2.483500e+06   2.518000e-01
  2.484500e+06   2.517000e-01
  2.485500e+06   2.516000e-01
  2.486500e+06   2.515000e-01
  2.487500e+06   2.514000e-01
  2.488500e+06   2.512900e-01
  2.489500e+06   2.511900e-01
  2.490500e+06   2.510900e-01
  2.491500e+06   2.509900e-01
  2.492500e+06   2.508800e-01
  2.493500e+06   2.507800e-01
  2.494500e+06   2.506700e-01
  2.495500e+06   2.505700e-01
  2.496500e+06   2.504700e-01
  2.497500e+06   2.503600e-01
  2.498500e+06   2.502600e-01
  2.499500e+06   2.501500e-01
  2.500500e+06   2.500500e-01
  2.501500e+06   2.499400e-01
  2.502500e+06   2.498300e-01
  2.503500e+06   2.497300e-01
  2.504500e+06   2.496200e-01
  2.505500e+06   2.495100e-01
  2.506500e+06   2.494100e-01
  2.507500e+06   2.493000e-01
  2.508500e+06   2.491900e-01
  2.509500e+06   2.490800e-01
  2.510500e+06   2.489800e-01
  2.511500e+06   2.488700e-01
  2.512500e+06   2.487600e-01
  2.513500e+06   2.486500e-01
  2.514500e+06   2.485400e-01
  2.515500e+06   2.484300e-01
  2.516500e+06   2.483200e-01
  2.517500e+06   2.482100e-01
  2.518500e+06   2.481000e-01
  2.519500e+06   2.479900e-01
  2.520500e+06   2.478800e-01
  2.521500e+06   2.477700e-01
  2.522500e+06   2.476600e-01
  2.523500e+06   2.475500e-01
  2.524500e+06   2.474300e-01
  2.525500e+06   2.473200e-01
  2.526500e+06   2.472100e-01
  2.527500e+06   2.471000e-01
  2.528500e+06   2.469800e-01
  2.529500e+06   2.468700e-01
  2.530500e+06   2.467600e-01
  2.531500e+06   2.466400e-01
  2.532500e+06   2.465300e-01
  2.533500e+06   2.464100e-01
  2.534500e+06   2.463000e-01
  2.535500e+06   2.461900e-01
  2.536500e+06   2.460700e-01
  2.537500e+06   2.459600e-01
  2.538500e+06   2.458400e-01
  2.539500e+06   2.457200e-01
  2.540500e+06   2.456100e-01
  2.541500e+06   2.454900e-01
  2.542500e+06   2.453700e-01
  2.543500e+06   2.452600e-01
  2.544500e+06   2.451400e-01
  2.545500e+06   2.450200e-01
  2.546500e+06   2.449000e-01
  2.547500e+06   2.447900e-01
  2.548500e+06   2.446700e-01
  2.549500e+06   2.445500e-01
  2.550500e+06   2.444300e-01
  2.551500e+06   2.443100e-01
  2.552500e+06   2.441900e-01
  2.553500e+06   2.440700e-01
  2.554500e+06   2.439500e-01
  2.555500e+06   2.438300e-01
  2.556500e+06   2.437100e-01
  2.557500e+06   2.435900e-01
  2.558500e+06   2.434700e-01
  2.559500e+06   2.433500e-01
  2.560500e+06   2.432300e-01
  2.561500e+06   2.431100e-01
  2.562500e+06   2.429800e-01
  2.563500e+06   2.428600e-01
  2.564500e+06   2.427400e-01
  2.565500e+06   2.426200e-01
  2.566500e+06   2.424900e-01
  2.567500e+06   2.423700e-01
  2.568500e+06   2.422500e-01
  2.569500e+06   2.421200e-01
  2.570500e+06   2.420000e-01
  2.571500e+06   2.418800e-01
  2.572500e+06   2.417500e-01
  2.573500e+06   2.416300e-01
  2.574500e+06   2.415000e-01
  2.575500e+06   2.413800e-01
  2.576500e+06   2.412500e-01
  2.577500e+06   2.411200e-01
  2.578500e+06   2.410000e-01
  2.579500e+06   2.408700e-01
  2.580500e+06   2.407400e-01
  2.581500e+06   2.406200e-01
  2.582500e+06   2.404900e-01
  2.583500e+06   2.403600e-01
  2.584500e+06   2.402300e-01
  2.585500e+06   2.401100e-01
  2.586500e+06   2.399800e-01
  2.587500e+06   2.398500e-01
  2.588500e+06   2.397200e-01
  2.589500e+06   2.395900e-01
  2.590500e+06   2.394600e-01
  2.591500e+06   2.393300e-01
  2.592500e+06   2.392000e-01
  2.593500e+06   2.390700e-01
  2.594500e+06   2.389400e-01
  2.595500e+06   2.388100e-01
  2.596500e+06   2.386800e-01
  2.597500e+06   2.385500e-01
  2.598500e+06   2.384200e-01
  2.599500e+06   2.382900e-01
  2.600500e+06   2.381600e-01
  2.601500e+06   2.380200e-01
  2.602500e+06   2.378900e-01
  2.603500e+06   2.377600e-01
  2.604500e+06   2.376300e-01
  2.605500e+06   2.374900e-01
  2.606500e+06   2.373600e-01
  2.607500e+06   2.372300e-01
  2.608500e+06   2.370900e-01
  2.609500e+06   2.369600e-01
  2.610500e+06   2.368200e-01
  2.611500e+06   2.366900e-01
  2.612500e+06   2.365500e-01
  2.613500e+06   2.364200e-01
  2.614500e+06   2.362800e-01
  2.615500e+06   2.361500e-01
  2.616500e+06   2.360100e-01
  2.617500e+06   2.358700e-01
  2.618500e+06   2.357400e-01
  2.619500e+06   2.356000e-01
  2.620500e+06   2.354600e-01
  2.621500e+06   2.353300e-01
  2.622500e+06   2.351900e-01
  2.623500e+06   2.350500e-01
  2.624500e+06   2.349100e-01
  2.625500e+06   2.347800e-01
  2.626500e+06   2.346400e-01
  2.627500e+06   2.345000e-01
  2.628500e+06   2.343600e-01
  2.629500e+06   2.342200e-01
  2.630500e+06   2.340800e-01
  2.631500e+06   2.339400e-01
  2.632500e+06   2.338000e-01
  2.633500e+06   2.336600e-01
  2.634500e+06   2.335200e-01
  2.635500e+06   2.333800e-01
  2.636500e+06   2.332400e-01
  2.637500e+06   2.331000e-01
  2.638500e+06   2.329500e-01
  2.639500e+06   2.328100e-01
  2.640500e+06   2.326700e-01
  2.641500e+06   2.325300e-01
  2.642500e+06   2.323900e-01
  2.643500e+06   2.322400e-01
  2.644500e+06   2.321000e-01
  2.645500e+06   2.319600e-01
  2.646500e+06   2.318100e-01
  2.647500e+06   2.316700e-01
  2.648500e+06   2.315300e-01
  2.649500e+06   2.313800e-01
  2.650500e+06   2.312400e-01
  2.651500e+06   2.310900e-01
  2.652500e+06   2.309500e-01
  2.653500e+06   2.308000e-01
  2.654500e+06   2.306600e-01
  2.655500e+06   2.305100e-01
  2.656500e+06   2.303600e-01
  2.657500e+06   2.302200e-01
  2.658500e+06   2.300700e-01
  2.659500e+06   2.299200e-01
  2.660500e+06   2.297800e-01
  2.661500e+06   2.296300e-01
  2.662500e+06   2.294800e-01
  2.663500e+06   2.293300e-01
  2.664500e+06   2.291900e-01
  2.665500e+06   2.290400e-01
  2.666500e+06   2.288900e-01
  2.667500e+06   2.287400e-01
  2.668500e+06   2.285900e-01
  2.669500e+06   2.284400e-01
  2.670500e+06   2.282900e-01
  2.671500e+06   2.281400e-01
  2.672500e+06   2.279900e-01
  2.673500e+06   2.278400e-01
  2.674500e+06   2.276900e-01
  2.675500e+06   2.275400e-01
  2.676500e+06   2.273900e-01
  2.677500e+06   2.272400e-01
  2.678500e+06   2.270900e-01
  2.679500e+06   2.269400e-01
  2.680500e+06   2.267800e-01
  2.681500e+06   2.266300e-01
  2.682500e+06   2.264800e-01
  2.683500e+06   2.263300e-01
  2.684500e+06   2.261700e-01
  2.685500e+06   2.260200e-01
  2.686500e+06   2.258700e-01
  2.687500e+06   2.257100e-01
  2.688500e+06   2.255600e-01
  2.689500e+06   2.254000e-01
  2.690500e+06   2.252500e-01
  2.691500e+06   2.251000e-01
  2.692500e+06   2.249400e-01
  2.693500e+06   2.247900e-01
  2.694500e+06   2.246300e-01
  2.695500e+06   2.244700e-01
  2.696500e+06   2.243200e-01
  2.697500e+06   2.241600e-01
  2.698500e+06   2.240100e-01
  2.699500e+06   2.238500e-01
  2.700500e+06   2.236900e-01
  2.701500e+06   2.235400e-01
  2.702500e+06   2.233800e-01
  2.703500e+06   2.232200e-01
  2.704500e+06   2.230600e-01
  2.705500e+06   2.229000e-01
  2.706500e+06   2.227500e-01
  2.707500e+06   2.225900e-01
  2.708500e+06   2.224300e-01
  2.709500e+06   2.222700e-01
  2.710500e+06   2.221100e-01
  2.711500e+06   2.219500e-01
  2.712500e+06   2.217900e-01
  2.713500e+06   2.216300e-01
  2.714500e+06   2.214700e-01
  2.715500e+06   2.213100e-01
  2.716500e+06   2.211500e-01
  2.717500e+06   2.209900e-01
  2.718500e+06   2.208300e-01
  2.719500e+06   2.206700e-01
  2.720500e+06   2.205100e-01
  2.721500e+06   2.203400e-01
  2.722500e+06   2.201800e-01
  2.723500e+06   2.200200e-01
  2.724500e+06   2.198600e-01
  2.725500e+06   2.196900e-01
  2.726500e+06   2.195300e-01
  2.727500e+06   2.193700e-01
  2.728500e+06   2.192000e-01
  2.729500e+06   2.190400e-01
  2.730500e+06   2.188800e-01
  2.731500e+06   2.187100e-01
  2.732500e+06   2.185500e-01
  2.733500e+06   2.183800e-01
  2.734500e+06   2.182200e-01
  2.735500e+06   2.180500e-01
  2.736500e+06   2.178900e-01
  2.737500e+06   2.177200e-01
  2.738500e+06   2.175600e-01
  2.739500e+06   2.173900e-01
  2.740500e+06   2.172200e-01
  2.741500e+06   2.170600e-01
  2.742500e+06   2.168900e-01
  2.743500e+06   2.167200e-01
  2.744500e+06   2.165600e-01
  2.745500e+06   2.163900e-01
  2.746500e+06   2.162200e-01
  2.747500e+06   2.160500e-01
  2.748500e+06   2.158800e-01
  2.749500e+06   2.157200e-01
  2.750500e+06   2.155500e-01
  2.751500e+06   2.153800e-01
  2.752500e+06   2.152100e-01
  2.753500e+06   2.150400e-01
  2.754500e+06   2.148700e-01
  2.755500e+06   2.147000e-01
  2.756500e+06   2.145300e-01
  2.757500e+06   2.143600e-01
  2.758500e+06   2.141900e-01
  2.759500e+06   2.140200e-01
  2.760500e+06   2.138500e-01
  2.761500e+06   2.136800e-01
  2.762500e+06   2.135100e-01
  2.763500e+06   2.133300e-01
  2.764500e+06   2.131600e-01
  2.765500e+06   2.129900e-01
  2.766500e+06   2.128200e-01
  2.767500e+06   2.126500e-01
  2.768500e+06   2.124700e-01
  2.769500e+06   2.123000e-01
  2.770500e+06   2.121300e-01
  2.771500e+06   2.119500e-01
  2.772500e+06   2.117800e-01
  2.773500e+06   2.116100e-01
  2.774500e+06   2.114300e-01
  2.775500e+06   2.112600e-01
  2.776500e+06   2.110800e-01
  2.777500e+06   2.109100e-01
  2.778500e+06   2.107300e-01
  2.779500e+06   2.105600e-01
  2.780500e+06   2.103800e-01
  2.781500e+06   2.102100e-01
  2.782500e+06   2.100300e-01
  2.783500e+06   2.098500e-01
  2.784500e+06   2.096800e-01
  2.785500e+06   2.095000e-01
  2.786500e+06   2.093200e-01
  2.787500e+06   2.091500e-01
  2.788500e+06   2.089700e-01
  2.789500e+06   2.087900e-01
  2.790500e+06   2.086200e-01
  2.791500e+06   2.084400e-01
  2.792500e+06   2.082600e-01
  2.793500e+06   2.080800e-01
  2.794500e+06   2.079000e-01
  2.795500e+06   2.077200e-01
  2.796500e+06   2.075500e-01
  2.797500e+06   2.073700e-01
  2.798500e+06   2.071900e-01
  2.799500e+06   2.070100e-01
  2.800500e+06   2.068300e-01
  2.801500e+06   2.066500e-01
  2.802500e+06   2.064700e-01
  2.803500e+06   2.062900e-01
  2.804500e+06   2.061100e-01
  2.805500e+06   2.059200e-01
  2.806500e+06   2.057400e-01
  2.807500e+06   2.055600e-01
  2.808500e+06   2.053800e-01
  2.809500e+06   2.052000e-01
  2.810500e+06   2.050200e-01
  2.811500e+06   2.048300e-01
  2.812500e+06   2.046500e-01
  2.813500e+06   2.044700e-01
  2.814500e+06   2.042900e-01
  2.815500e+06   2.041000e-01
  2.816500e+06   2.039200e-01
  2.817500e+06   2.037400e-01
  2.818500e+06   2.035500e-01
  2.819500e+06   2.033700e-01
  2.820500e+06   2.031900e-01
  2.821500e+06   2.030000e-01
  2.822500e+06   2.028200e-01
  2.823500e+06   2.026300e-01
  2.824500e+06   2.024500e-01
  2.825500e+06   2.022600e-01
  2.826500e+06   2.020800e-01
  2.827500e+06   2.018900e-01
  2.828500e+06   2.017000e-01
  2.829500e+06   2.015200e-01
  2.830500e+06   2.013300e-01
  2.831500e+06   2.011500e-01
  2.832500e+06   2.009600e-01
  2.833500e+06   2.007700e-01
  2.834500e+06   2.005900e-01
  2.835500e+06   2.004000e-01
  2.836500e+06   2.002100e-01
  2.837500e+06   2.000200e-01
  2.838500e+06   1.998400e-01
  2.839500e+06   1.996500e-01
  2.840500e+06   1.994600e-01
  2.841500e+06   1.992700e-01
  2.842500e+06   1.990800e-01
  2.843500e+06   1.988900e-01
  2.844500e+06   1.987000e-01
  2.845500e+06   1.985100e-01
  2.846500e+06   1.983200e-01
  2.847500e+06   1.981300e-01
  2.848500e+06   1.979500e-01
  2.849500e+06   1.977500e-01
  2.850500e+06   1.975600e-01
  2.851500e+06   1.973700e-01
  2.852500e+06   1.971800e-01
  2.853500e+06   1.969900e-01
  2.854500e+06   1.968000e-01
  2.855500e+06   1.966100e-01
  2.856500e+06   1.964200e-01
  2.857500e+06   1.962300e-01
  2.858500e+06   1.960300e-01
  2.859500e+06   1.958400e-01
  2.860500e+06   1.956500e-01
  2.861500e+06   1.954600e-01
  2.862500e+06   1.952600e-01
  2.863500e+06   1.950700e-01
  2.864500e+06   1.948800e-01
  2.865500e+06   1.946900e-01
  2.866500e+06   1.944900e-01
  2.867500e+06   1.943000e-01
  2.868500e+06   1.941000e-01
  2.869500e+06   1.939100e-01
  2.870500e+06   1.937200e-01
  2.871500e+06   1.935200e-01
  2.872500e+06   1.933300e-01
  2.873500e+06   1.931300e-01
  2.874500e+06   1.929400e-01
  2.875500e+06   1.927400e-01
  2.876500e+06   1.925500e-01
  2.877500e+06   1.923500e-01
  2.878500e+06   1.921500e-01
  2.879500e+06   1.919600e-01
  2.880500e+06   1.917600e-01
  2.881500e+06   1.915600e-01
  2.882500e+06   1.913700e-01
  2.883500e+06   1.911700e-01
  2.884500e+06   1.909700e-01
  2.885500e+06   1.907800e-01
  2.886500e+06   1.905800e-01
  2.887500e+06   1.903800e-01
  2.888500e+06   1.901800e-01
  2.889500e+06   1.899900e-01
  2.890500e+06   1.897900e-01
  2.891500e+06   1.895900e-01
  2.892500e+06   1.893900e-01
  2.893500e+06   1.891900e-01
  2.894500e+06   1.889900e-01
  2.895500e+06   1.887900e-01
  2.896500e+06   1.885900e-01
  2.897500e+06   1.884000e-01
  2.898500e+06   1.882000e-01
  2.899500e+06   1.880000e-01
  2.900500e+06   1.878000e-01
  2.901500e+06   1.876000e-01
  2.902500e+06   1.873900e-01
  2.903500e+06   1.871900e-01
  2.904500e+06   1.869900e-01
  2.905500e+06   1.867900e-01
  2.906500e+06   1.865900e-01
  2.907500e+06   1.863900e-01
  2.908500e+06   1.861900e-01
  2.909500e+06   1.859900e-01
  2.910500e+06   1.857800e-01
  2.911500e+06   1.855800e-01
  2.912500e+06   1.853800e-01
  2.913500e+06   1.851800e-01
  2.914500e+06   1.849700e-01
  2.915500e+06   1.847700e-01
  2.916500e+06   1.845700e-01
  2.917500e+06   1.843700e-01
  2.918500e+06   1.841600e-01
  2.919500e+06   1.839600e-01
  2.920500e+06   1.837600e-01
  2.921500e+06   1.835500e-01
  2.922500e+06   1.833500e-01
  2.923500e+06   1.831400e-01
  2.924500e+06   1.829400e-01
  2.925500e+06   1.827300e-01
  2.926500e+06   1.825300e-01
  2.927500e+06   1.823200e-01
  2.928500e+06   1.821200e-01
  2.929500e+06   1.819100e-01
  2.930500e+06   1.817100e-01
  2.931500e+06   1.815000e-01
  2.932500e+06   1.813000e-01
  2.933500e+06   1.810900e-01
  2.934500e+06   1.808800e-01
  2.935500e+06   1.806800e-01
  2.936500e+06   1.804700e-01
  2.937500e+06   1.802600e-01
  2.938500e+06   1.800600e-01
  2.939500e+06   1.798500e-01
  2.940500e+06   1.796400e-01
  2.941500e+06   1.794400e-01
  2.942500e+06   1.792300e-01
  2.943500e+06   1.790200e-01
  2.944500e+06   1.788100e-01
  2.945500e+06   1.786000e-01
  2.946500e+06   1.784000e-01
  2.947500e+06   1.781900e-01
  2.948500e+06   1.779800e-01
  2.949500e+06   1.777700e-01
  2.950500e+06   1.775600e-01
  2.951500e+06   1.773500e-01
  2.952500e+06   1.771400e-01
  2.953500e+06   1.769300e-01
  2.954500e+06   1.767200e-01
  2.955500e+06   1.765100e-01
  2.956500e+06   1.763000e-01
  2.957500e+06   1.760900e-01
  2.958500e+06   1.758800e-01
  2.959500e+06   1.756700e-01
  2.960500e+06   1.754600e-01
  2.961500e+06   1.752500e-01
  2.962500e+06   1.750400e-01
  2.963500e+06   1.748300e-01
  2.964500e+06   1.746200e-01
  2.965500e+06   1.744100e-01
  2.966500e+06   1.742000e-01
  2.967500e+06   1.739800e-01
  2.968500e+06   1.737700e-01
  2.969500e+06   1.735600e-01
  2.970500e+06   1.733500e-01
  2.971500e+06   1.731400e-01
  2.972500e+06   1.729200e-01
  2.973500e+06   1.727100e-01
  2.974500e+06   1.725000e-01
  2.975500e+06   1.722800e-01
  2.976500e+06   1.720700e-01
  2.977500e+06   1.718600e-01
  2.978500e+06   1.716500e-01
  2.979500e+06   1.714300e-01
  2.980500e+06   1.712200e-01
  2.981500e+06   1.710000e-01
  2.982500e+06   1.707900e-01
  2.983500e+06   1.705800e-01
  2.984500e+06   1.703600e-01
  2.985500e+06   1.701500e-01
  2.986500e+06   1.699300e-01
  2.987500e+06   1.697200e-01
  2.988500e+06   1.695000e-01
  2.989500e+06   1.692900e-01
  2.990500e+06   1.690700e-01
  2.991500e+06   1.688600e-01
  2.992500e+06   1.686400e-01
  2.993500e+06   1.684200e-01
  2.994500e+06   1.682100e-01
  2.995500e+06   1.679900e-01
  2.996500e+06   1.677800e-01
  2.997500e+06   1.675600e-01
  2.998500e+06   1.673400e-01
  2.999500e+06   1.671300e-01
  3.000500e+06   1.669100e-01
  3.001500e+06   1.666900e-01
  3.002500e+06   1.664800e-01
  3.003500e+06   1.662600e-01
  3.004500e+06   1.660400e-01
  3.005500e+06   1.658200e-01
  3.006500e+06   1.656100e-01
  3.007500e+06   1.653900e-01
  3.008500e+06   1.651700e-01
  3.009500e+06   1.649500e-01
  3.010500e+06   1.647400e-01
  3.011500e+06   1.645200e-01
  3.012500e+06   1.643000e-01
  3.013500e+06   1.640800e-01
  3.014500e+06   1.638600e-01
  3.015500e+06   1.636400e-01
  3.016500e+06   1.634200e-01
  3.017500e+06   1.632000e-01
  3.018500e+06   1.629800e-01
  3.019500e+06   1.627700e-01
  3.020500e+06   1.625500e-01
  3.021500e+06   1.623300e-01
  3.022500e+06   1.621100e-01
  3.023500e+06   1.618900e-01
  3.024500e+06   1.616700e-01
  3.025500e+06   1.614500e-01
  3.026500e+06   1.612300e-01
  3.027500e+06   1.610000e-01
  3.028500e+06   1.607800e-01
  3.029500e+06   1.605600e-01
  3.030500e+06   1.603400e-01
  3.031500e+06   1.601200e-01
  3.032500e+06   1.599000e-01
  3.033500e+06   1.596800e-01
  3.034500e+06   1.594600e-01
  3.035500e+06   1.592400e-01
  3.036500e+06   1.590100e-01
  3.037500e+06   1.587900e-01
  3.038500e+06   1.585700e-01
  3.039500e+06   1.583500e-01
  3.040500e+06   1.581300e-01
  3.041500e+06   1.579000e-01
  3.042500e+06   1.576800e-01
  3.043500e+06   1.574600e-01
  3.044500e+06   1.572400e-01
  3.045500e+06   1.570100e-01
  3.046500e+06   1.567900e-01
  3.047500e+06   1.565700e-01
  3.048500e+06   1.563400e-01
  3.049500e+06   1.561200e-01
  3.050500e+06   1.559000e-01
  3.051500e+06   1.556700e-01
  3.052500e+06   1.554500e-01
  3.053500e+06   1.552300e-01
  3.054500e+06   1.550000e-01
  3.055500e+06   1.547800e-01
  3.056500e+06   1.545500e-01
  3.057500e+06   1.543300e-01
  3.058500e+06   1.541100e-01
  3.059500e+06   1.538800e-01
  3.060500e+06   1.536600e-01
  3.061500e+06   1.534300e-01
  3.062500e+06   1.532100e-01
  3.063500e+06   1.529800e-01
  3.064500e+06   1.527600e-01
  3.065500e+06   1.525300e-01
  3.066500e+06   1.523100e-01
  3.067500e+06   1.520800e-01
  3.068500e+06   1.518600e-01
  3.069500e+06   1.516300e-01
  3.070500e+06   1.514000e-01
  3.071500e+06   1.511800e-01
  3.072500e+06   1.509500e-01
  3.073500e+06   1.507300e-01
  3.074500e+06   1.505000e-01
  3.075500e+06   1.502700e-01
  3.076500e+06   1.500500e-01
  3.077500e+06   1.498200e-01
  3.078500e+06   1.495900e-01
  3.079500e+06   1.493700e-01
  3.080500e+06   1.491400e-01
  3.081500e+06   1.489100e-01
  3.082500e+06   1.486900e-01
  3.083500e+06   1.484600e-01
  3.084500e+06   1.482300e-01
  3.085500e+06   1.480000e-01
  3.086500e+06   1.477800e-01
  3.087500e+06   1.475500e-01
  3.088500e+06   1.473200e-01
  3.089500e+06   1.470900e-01
  3.090500e+06   1.468700e-01
  3.091500e+06   1.466400e-01
  3.092500e+06   1.464100e-01
  3.093500e+06   1.461800e-01
  3.094500e+06   1.459500e-01
  3.095500e+06   1.457300e-01
  3.096500e+06   1.455000e-01
  3.097500e+06   1.452700e-01
  3.098500e+06   1.450400e-01
  3.099500e+06   1.448100e-01
  3.100500e+06   1.445800e-01
  3.101500e+06   1.443500e-01
  3.102500e+06   1.441200e-01
  3.103500e+06   1.439000e-01
  3.104500e+06   1.436700e-01
  3.105500e+06   1.434400e-01
  3.106500e+06   1.432100e-01
  3.107500e+06   1.429800e-01
  3.108500e+06   1.427500e-01
  3.109500e+06   1.425200e-01
  3.110500e+06   1.422900e-01
  3.111500e+06   1.420600e-01
  3.112500e+06   1.418300e-01
  3.113500e+06   1.416000e-01
  3.114500e+06   1.413700e-01
  3.115500e+06   1.411400e-01
  3.116500e+06   1.409100e-01
  3.117500e+06   1.406800e-01
  3.118500e+06   1.404500e-01
  3.119500e+06   1.402200e-01
  3.120500e+06   1.399900e-01
  3.121500e+06   1.397600e-01
  3.122500e+06   1.395300e-01
  3.123500e+06   1.392900e-01
  3.124500e+06   1.390600e-01
  3.125500e+06   1.388300e-01
  3.126500e+06   1.386000e-01
  3.127500e+06   1.383700e-01
  3.128500e+06   1.381400e-01
  3.129500e+06   1.379100e-01
  3.130500e+06   1.376800e-01
  3.131500e+06   1.374400e-01
  3.132500e+06   1.372100e-01
  3.133500e+06   1.369800e-01
  3.134500e+06   1.367500e-01
  3.135500e+06   1.365200e-01
  3.136500e+06   1.362900e-01
  3.137500e+06   1.360500e-01
  3.138500e+06   1.358200e-01
  3.139500e+06   1.355900e-01
  3.140500e+06   1.353600e-01
  3.141500e+06   1.351300e-01
  3.142500e+06   1.348900e-01
  3.143500e+06   1.346600e-01
  3.144500e+06   1.344300e-01
  3.145500e+06   1.342000e-01
  3.146500e+06   1.339600e-01
  3.147500e+06   1.337300e-01
  3.148500e+06   1.335000e-01
  3.149500e+06   1.332700e-01
  3.150500e+06   1.330300e-01
  3.151500e+06   1.328000e-01
  3.152500e+06   1.325700e-01
  3.153500e+06   1.323300e-01
  3.154500e+06   1.321000e-01
  3.155500e+06   1.318700e-01
  3.156500e+06   1.316300e-01
  3.157500e+06   1.314000e-01
  3.158500e+06   1.311700e-01
  3.159500e+06   1.309300e-01
  3.160500e+06   1.307000e-01
  3.161500e+06   1.304700e-01
  3.162500e+06   1.302300e-01
  3.163500e+06   1.300000e-01
  3.164500e+06   1.297600e-01
  3.165500e+06   1.295300e-01
  3.166500e+06   1.293000e-01
  3.167500e+06   1.290600e-01
  3.168500e+06   1.288300e-01
  3.169500e+06   1.285900e-01
  3.170500e+06   1.283600e-01
  3.171500e+06   1.281300e-01
  3.172500e+06   1.278900e-01
  3.173500e+06   1.276600e-01
  3.174500e+06   1.274200e-01
  3.175500e+06   1.271900e-01
  3.176500e+06   1.269500e-01
  3.177500e+06   1.267200e-01
  3.178500e+06   1.264800e-01
  3.179500e+06   1.262500e-01
  3.180500e+06   1.260100e-01
  3.181500e+06   1.257800e-01
  3.182500e+06   1.255400e-01
  3.183500e+06   1.253100e-01
  3.184500e+06   1.250700e-01
  3.185500e+06   1.248400e-01
  3.186500e+06   1.246000e-01
  3.187500e+06   1.243700e-01
  3.188500e+06   1.241300e-01
  3.189500e+06   1.239000e-01
  3.190500e+06   1.236600e-01
  3.191500e+06   1.234300e-01
  3.192500e+06   1.231900e-01
  3.193500e+06   1.229600e-01
  3.194500e+06   1.227200e-01
  3.195500e+06   1.224800e-01
  3.196500e+06   1.222500e-01
  3.197500e+06   1.220100e-01
  3.198500e+06   1.217800e-01
  3.199500e+06   1.215400e-01
  3.200500e+06   1.213000e-01
  3.201500e+06   1.210700e-01
  3.202500e+06   1.208300e-01
  3.203500e+06   1.206000e-01
  3.204500e+06   1.203600e-01
  3.205500e+06   1.201200e-01
  3.206500e+06   1.198900e-01
  3.207500e+06   1.196500e-01
  3.208500e+06   1.194100e-01
  3.209500e+06   1.191800e-01
  3.210500e+06   1.189400e-01
  3.211500e+06   1.187000e-01
  3.212500e+06   1.184700e-01
  3.213500e+06   1.182300e-01
  3.214500e+06   1.179900e-01
  3.215500e+06   1.177500e-01
  3.216500e+06   1.175200e-01
  3.217500e+06   1.172800e-01
  3.218500e+06   1.170400e-01
  3.219500e+06   1.168100e-01
  3.220500e+06   1.165700e-01
  3.221500e+06   1.163300e-01
  3.222500e+06   1.160900e-01
  3.223500e+06   1.158600e-01
  3.224500e+06   1.156200e-01
  3.225500e+06   1.153800e-01
  3.226500e+06   1.151400e-01
  3.227500e+06   1.149000e-01
  3.228500e+06   1.146700e-01
  3.229500e+06   1.144300e-01
  3.230500e+06   1.141900e-01
  3.231500e+06   1.139500e-01
  3.232500e+06   1.137100e-01
  3.233500e+06   1.134700e-01
  3.234500e+06   1.132400e-01
  3.235500e+06   1.130000e-01
  3.236500e+06   1.127600e-01
  3.237500e+06   1.125200e-01
  3.238500e+06   1.122800e-01
  3.239500e+06   1.120400e-01
  3.240500e+06   1.118000e-01
  3.241500e+06   1.115600e-01
  3.242500e+06   1.113300e-01
  3.243500e+06   1.110900e-01
  3.244500e+06   1.108500e-01
  3.245500e+06   1.106100e-01
  3.246500e+06   1.103700e-01
  3.247500e+06   1.101300e-01
  3.248500e+06   1.098900e-01
  3.249500e+06   1.096500e-01
  3.250500e+06   1.094100e-01
  3.251500e+06   1.091700e-01
  3.252500e+06   1.089300e-01
  3.253500e+06   1.086900e-01
  3.254500e+06   1.084500e-01
  3.255500e+06   1.082100e-01
  3.256500e+06   1.079700e-01
  3.257500e+06   1.077300e-01
  3.258500e+06   1.074900e-01
  3.259500e+06   1.072500e-01
  3.260500e+06   1.070100e-01
  3.261500e+06   1.067700e-01
  3.262500e+06   1.065300e-01
  3.263500e+06   1.062900e-01
  3.264500e+06   1.060500e-01
  3.265500e+06   1.058100e-01
  3.266500e+06   1.055600e-01
  3.267500e+06   1.053200e-01
  3.268500e+06   1.050800e-01
  3.269500e+06   1.048400e-01
  3.270500e+06   1.046000e-01
  3.271500e+06   1.043600e-01
  3.272500e+06   9.009300e-05
  3.273500e+06   9.005300e-05
  3.274500e+06   9.001200e-05
  3.275500e+06   8.997200e-05
  3.276500e+06   8.993100e-05
  3.277500e+06   8.989100e-05
  3.278500e+06   8.985000e-05
  3.279500e+06   8.980900e-05
  3.280500e+06   8.976800e-05
  3.281500e+06   8.972700e-05
  3.282500e+06   8.968600e-05
  3.283500e+06   8.964500e-05
  3.284500e+06   8.960400e-05
  3.285500e+06   8.956300e-05
  3.286500e+06   8.952200e-05
  3.287500e+06   8.948100e-05
  3.288500e+06   8.943900e-05
  3.289500e+06   8.939800e-05
  3.290500e+06   8.935600e-05
  3.291500e+06   8.931500e-05
  3.292500e+06   8.927300e-05
  3.293500e+06   8.923200e-05
  3.294500e+06   8.919000e-05
  3.295500e+06   8.914800e-05
  3.296500e+06   8.910600e-05
  3.297500e+06   8.906400e-05
  3.298500e+06   8.902200e-05
  3.299500e+06   8.898100e-05
  3.300500e+06   8.893800e-05
  3.301500e+06   8.889600e-05
  3.302500e+06   8.885400e-05
  3.303500e+06   8.881200e-05
  3.304500e+06   8.877000e-05
  3.305500e+06   8.872700e-05
  3.306500e+06   8.868500e-05
  3.307500e+06   8.864200e-05
  3.308500e+06   8.860000e-05
  3.309500e+06   8.855700e-05
  3.310500e+06   8.851500e-05
  3.311500e+06   8.847200e-05
  3.312500e+06   8.842900e-05
  3.313500e+06   8.838600e-05
  3.314500e+06   8.834300e-05
  3.315500e+06   8.830000e-05
  3.316500e+06   8.825700e-05
  3.317500e+06   8.821400e-05
  3.318500e+06   8.817100e-05
  3.319500e+06   8.812800e-05
  3.320500e+06   8.808500e-05
  3.321500e+06   8.804100e-05
  3.322500e+06   8.799800e-05
  3.323500e+06   8.795400e-05
  3.324500e+06   8.791100e-05
  3.325500e+06   8.786700e-05
  3.326500e+06   8.782400e-05
  3.327500e+06   8.778000e-05
  3.328500e+06   8.773600e-05
  3.329500e+06   8.769200e-05
  3.330500e+06   8.764900e-05
  3.331500e+06   8.760500e-05
  3.332500e+06   8.756100e-05
  3.333500e+06   8.751700e-05
  3.334500e+06   8.747300e-05
  3.335500e+06   8.742800e-05
  3.336500e+06   8.738400e-05
  3.337500e+06   8.734000e-05
  3.338500e+06   8.729600e-05
  3.339500e+06   8.725100e-05
  3.340500e+06   8.720700e-05
  3.341500e+06   8.716200e-05
  3.342500e+06   8.711800e-05
  3.343500e+06   8.707300e-05
  3.344500e+06   8.702800e-05
  3.345500e+06   8.698300e-05
  3.346500e+06   8.693900e-05
  3.347500e+06   8.689400e-05
  3.348500e+06   8.684900e-05
  3.349500e+06   8.680400e-05
  3.350500e+06   8.675900e-05
  3.351500e+06   8.671400e-05
  3.352500e+06   8.666900e-05
  3.353500e+06   8.662300e-05
  3.354500e+06   8.657800e-05
  3.355500e+06   8.653300e-05
  3.356500e+06   8.648700e-05
  3.357500e+06   8.644200e-05
  3.358500e+06   8.639600e-05
  3.359500e+06   8.635100e-05
  3.360500e+06   8.630500e-05
  3.361500e+06   8.625900e-05
  3.362500e+06   8.621400e-05
  3.363500e+06   8.616800e-05
  3.364500e+06   8.612200e-05
  3.365500e+06   8.607600e-05
  3.366500e+06   8.603000e-05
  3.367500e+06   8.598400e-05
  3.368500e+06   8.593800e-05
  3.369500e+06   8.589200e-05
  3.370500e+06   8.584600e-05
  3.371500e+06   8.579900e-05
  3.372500e+06   8.575300e-05
  3.373500e+06   8.570700e-05
  3.374500e+06   8.566000e-05
  3.375500e+06   8.561400e-05
  3.376500e+06   8.556700e-05
  3.377500e+06   8.552000e-05
  3.378500e+06   8.547400e-05
  3.379500e+06   8.542700e-05
  3.380500e+06   8.538000e-05
  3.381500e+06   8.533300e-05
  3.382500e+06   8.528600e-05
  3.383500e+06   8.523900e-05
  3.384500e+06   8.519200e-05
  3.385500e+06   8.514500e-05
  3.386500e+06   8.509800e-05
  3.387500e+06   8.505100e-05
  3.388500e+06   8.500400e-05
  3.389500e+06   8.495600e-05
  3.390500e+06   8.490900e-05
  3.391500e+06   8.486200e-05
  3.392500e+06   8.481400e-05
  3.393500e+06   8.476700e-05
  3.394500e+06   8.471900e-05
  3.395500e+06   8.467100e-05
  3.396500e+06   8.462400e-05
  3.397500e+06   8.457600e-05
  3.398500e+06   8.452800e-05
  3.399500e+06   8.448000e-05
  3.400500e+06   8.443200e-05
  3.401500e+06   8.438400e-05
  3.402500e+06   8.433600e-05
  3.403500e+06   8.428800e-05
  3.404500e+06   8.424000e-05
  3.405500e+06   8.419200e-05
  3.406500e+06   8.414300e-05
  3.407500e+06   8.409500e-05
  3.408500e+06   8.404600e-05
  3.409500e+06   8.399800e-05
  3.410500e+06   8.394900e-05
  3.411500e+06   8.390100e-05
  3.412500e+06   8.385200e-05
  3.413500e+06   8.380400e-05
  3.414500e+06   8.375500e-05
  3.415500e+06   8.370600e-05
  3.416500e+06   8.365700e-05
  3.417500e+06   8.360800e-05
  3.418500e+06   8.355900e-05
  3.419500e+06   8.351000e-05
  3.420500e+06   8.346100e-05
  3.421500e+06   8.341200e-05
  3.422500e+06   8.336300e-05
  3.423500e+06   8.331400e-05
  3.424500e+06   8.326400e-05
  3.425500e+06   8.321500e-05
  3.426500e+06   8.316600e-05
  3.427500e+06   8.311600e-05
  3.428500e+06   8.306700e-05
  3.429500e+06   8.301700e-05
  3.430500e+06   8.296700e-05
  3.431500e+06   8.291800e-05
  3.432500e+06   8.286800e-05
  3.433500e+06   8.281800e-05
  3.434500e+06   8.276800e-05
  3.435500e+06   8.271800e-05
  3.436500e+06   8.266800e-05
  3.437500e+06   8.261800e-05
  3.438500e+06   8.256800e-05
  3.439500e+06   8.251800e-05
  3.440500e+06   8.246800e-05
  3.441500e+06   8.241800e-05
  3.442500e+06   8.236700e-05
  3.443500e+06   8.231700e-05
  3.444500e+06   8.226600e-05
  3.445500e+06   8.221600e-05
  3.446500e+06   8.216500e-05
  3.447500e+06   8.211500e-05
  3.448500e+06   8.206400e-05
  3.449500e+06   8.201400e-05
  3.450500e+06   8.196300e-05
  3.451500e+06   8.191200e-05
  3.452500e+06   8.186100e-05
  3.453500e+06   8.181000e-05
  3.454500e+06   8.175900e-05
  3.455500e+06   8.170800e-05
  3.456500e+06   8.165700e-05
  3.457500e+06   8.160600e-05
  3.458500e+06   8.155500e-05
  3.459500e+06   8.150400e-05
  3.460500e+06   8.145200e-05
  3.461500e+06   8.140100e-05
  3.462500e+06   8.135000e-05
  3.463500e+06   8.129800e-05
  3.464500e+06   8.124700e-05
  3.465500e+06   8.119500e-05
  3.466500e+06   8.114300e-05
  3.467500e+06   8.109200e-05
  3.468500e+06   8.104000e-05
  3.469500e+06   8.098800e-05
  3.470500e+06   8.093600e-05
  3.471500e+06   8.088400e-05
  3.472500e+06   8.083200e-05
  3.473500e+06   8.078000e-05
  3.474500e+06   8.072800e-05
  3.475500e+06   8.067600e-05
  3.476500e+06   8.062400e-05
  3.477500e+06   8.057200e-05
  3.478500e+06   8.052000e-05
  3.479500e+06   8.046700e-05
  3.480500e+06   8.041500e-05
  3.481500e+06   8.036200e-05
  3.482500e+06   8.031000e-05
  3.483500e+06   8.025700e-05
  3.484500e+06   8.020500e-05
  3.485500e+06   8.015200e-05
  3.486500e+06   8.009900e-05
  3.487500e+06   8.004700e-05
  3.488500e+06   7.999400e-05
  3.489500e+06   7.994100e-05
  3.490500e+06   7.988800e-05
  3.491500e+06   7.983500e-05
  3.492500e+06   7.978200e-05
  3.493500e+06   7.972900e-05
  3.494500e+06   7.967600e-05
  3.495500e+06   7.962300e-05
  3.496500e+06   7.957000e-05
  3.497500e+06   7.951600e-05
  3.498500e+06   7.946300e-05
  3.499500e+06   7.940900e-05
  3.500500e+06   7.935600e-05
  3.501500e+06   7.930300e-05
  3.502500e+06   7.924900e-05
  3.503500e+06   7.919500e-05
  3.504500e+06   7.914200e-05
  3.505500e+06   7.908800e-05
  3.506500e+06   7.903400e-05
  3.507500e+06   7.898000e-05
  3.508500e+06   7.892700e-05
  3.509500e+06   7.887300e-05
  3.510500e+06   7.881900e-05
  3.511500e+06   7.876500e-05
  3.512500e+06   7.871100e-05
  3.513500e+06   7.865600e-05
  3.514500e+06   7.860200e-05
  3.515500e+06   7.854800e-05
  3.516500e+06   7.849400e-05
  3.517500e+06   7.843900e-05
  3.518500e+06   7.838500e-05
  3.519500e+06   7.833100e-05
  3.520500e+06   7.827600e-05
  3.521500e+06   7.822200e-05
  3.522500e+06   7.816700e-05
  3.523500e+06   7.811200e-05
  3.524500e+06   7.805800e-05
  3.525500e+06   7.800300e-05
  3.526500e+06   7.794800e-05
  3.527500e+06   7.789300e-05
  3.528500e+06   7.783800e-05
  3.529500e+06   7.778300e-05
  3.530500e+06   7.772800e-05
  3.531500e+06   7.767300e-05
  3.532500e+06   7.761800e-05
  3.533500e+06   7.756300e-05
  3.534500e+06   7.750800e-05
  3.535500e+06   7.745300e-05
  3.536500e+06   7.739700e-05
  3.537500e+06   7.734200e-05
  3.538500e+06   7.728700e-05
  3.539500e+06   7.723100e-05
  3.540500e+06   7.717600e-05
  3.541500e+06   7.712000e-05
  3.542500e+06   7.706400e-05
  3.543500e+06   7.700900e-05
  3.544500e+06   7.695300e-05
  3.545500e+06   7.689700e-05
  3.546500e+06   7.684100e-05
  3.547500e+06   7.678600e-05
  3.548500e+06   7.673000e-05
  3.549500e+06   7.667400e-05
  3.550500e+06   7.661800e-05
  3.551500e+06   7.656200e-05
  3.552500e+06   7.650500e-05
  3.553500e+06   7.644900e-05
  3.554500e+06   7.639300e-05
  3.555500e+06   7.633700e-05
  3.556500e+06   7.628000e-05
  3.557500e+06   7.622400e-05
  3.558500e+06   7.616800e-05
  3.559500e+06   7.611100e-05
  3.560500e+06   7.605500e-05
  3.561500e+06   7.599800e-05
  3.562500e+06   7.594100e-05
  3.563500e+06   7.588500e-05
  3.564500e+06   7.582800e-05
  3.565500e+06   7.577100e-05
  3.566500e+06   7.571500e-05
  3.567500e+06   7.565800e-05
  3.568500e+06   7.560100e-05
  3.569500e+06   7.554400e-05
  3.570500e+06   7.548700e-05
  3.571500e+06   7.543000e-05
  3.572500e+06   7.537300e-05
  3.573500e+06   7.531500e-05
  3.574500e+06   7.525800e-05
  3.575500e+06   7.520100e-05
  3.576500e+06   7.514400e-05
  3.577500e+06   7.508600e-05
  3.578500e+06   7.502900e-05
  3.579500e+06   7.497100e-05
  3.580500e+06   7.491400e-05
  3.581500e+06   7.485600e-05
  3.582500e+06   7.479900e-05
  3.583500e+06   7.474100e-05
  3.584500e+06   7.468300e-05
  3.585500e+06   7.462600e-05
  3.586500e+06   7.456800e-05
  3.587500e+06   7.451000e-05
  3.588500e+06   7.445200e-05
  3.589500e+06   7.439400e-05
  3.590500e+06   7.433600e-05
  3.591500e+06   7.427800e-05
  3.592500e+06   7.422000e-05
  3.593500e+06   7.416200e-05
  3.594500e+06   7.410400e-05
  3.595500e+06   7.404600e-05
  3.596500e+06   7.398700e-05
  3.597500e+06   7.392900e-05
  3.598500e+06   7.387100e-05
  3.599500e+06   7.381200e-05
  3.600500e+06   7.375400e-05
  3.601500e+06   7.369500e-05
  3.602500e+06   7.363700e-05
  3.603500e+06   7.357800e-05
  3.604500e+06   7.352000e-05
  3.605500e+06   7.346100e-05
  3.606500e+06   7.340200e-05
  3.607500e+06   7.334300e-05
  3.608500e+06   7.328400e-05
  3.609500e+06   7.322600e-05
  3.610500e+06   7.316700e-05
  3.611500e+06   7.310800e-05
  3.612500e+06   7.304900e-05
  3.613500e+06   7.299000e-05
  3.614500e+06   7.293000e-05
  3.615500e+06   7.287100e-05
  3.616500e+06   7.281200e-05
  3.617500e+06   7.275300e-05
  3.618500e+06   7.269400e-05
  3.619500e+06   7.263400e-05
  3.620500e+06   7.257500e-05
  3.621500e+06   7.251500e-05
  3.622500e+06   7.245600e-05
  3.623500e+06   7.239600e-05
  3.624500e+06   7.233700e-05
  3.625500e+06   7.227700e-05
  3.626500e+06   7.221700e-05
  3.627500e+06   7.215800e-05
  3.628500e+06   7.209800e-05
  3.629500e+06   7.203800e-05
  3.630500e+06   7.197800e-05
  3.631500e+06   7.191800e-05
  3.632500e+06   7.185800e-05
  3.633500e+06   7.179800e-05
  3.634500e+06   7.173800e-05
  3.635500e+06   7.167800e-05
  3.636500e+06   7.161800e-05
  3.637500e+06   7.155800e-05
  3.638500e+06   7.149800e-05
  3.639500e+06   7.143800e-05
  3.640500e+06   7.137700e-05
  3.641500e+06   7.131700e-05
  3.642500e+06   7.125700e-05
  3.643500e+06   7.119600e-05
  3.644500e+06   7.113600e-05
  3.645500e+06   7.107500e-05
  3.646500e+06   7.101500e-05
  3.647500e+06   7.095400e-05
  3.648500e+06   7.089300e-05
  3.649500e+06   7.083300e-05
  3.650500e+06   7.077200e-05
  3.651500e+06   7.071100e-05
  3.652500e+06   7.065000e-05
  3.653500e+06   7.058900e-05
  3.654500e+06   7.052800e-05
  3.655500e+06   7.046700e-05
  3.656500e+06   7.040600e-05
  3.657500e+06   7.034500e-05
  3.658500e+06   7.028400e-05
  3.659500e+06   7.022300e-05
  3.660500e+06   7.016200e-05
  3.661500e+06   7.010100e-05
  3.662500e+06   7.003900e-05
  3.663500e+06   6.997800e-05
  3.664500e+06   6.991700e-05
  3.665500e+06   6.985500e-05
  3.666500e+06   6.979400e-05
  3.667500e+06   6.973200e-05
  3.668500e+06   6.967100e-05
  3.669500e+06   6.960900e-05
  3.670500e+06   6.954800e-05
  3.671500e+06   6.948600e-05
  3.672500e+06   6.942400e-05
  3.673500e+06   6.936300e-05
  3.674500e+06   6.930100e-05
  3.675500e+06   6.923900e-05
  3.676500e+06   6.917700e-05
  3.677500e+06   6.911500e-05
  3.678500e+06   6.905300e-05
  3.679500e+06   6.899100e-05
  3.680500e+06   6.892900e-05
  3.681500e+06   6.886700e-05
  3.682500e+06   6.880500e-05
  3.683500e+06   6.874300e-05
  3.684500e+06   6.868000e-05
  3.685500e+06   6.861800e-05
  3.686500e+06   6.855600e-05
  3.687500e+06   6.849400e-05
  3.688500e+06   6.843100e-05
  3.689500e+06   6.836900e-05
  3.690500e+06   6.830600e-05
  3.691500e+06   6.824400e-05
  3.692500e+06   6.818100e-05
  3.693500e+06   6.811900e-05
  3.694500e+06   6.805600e-05
  3.695500e+06   6.799300e-05
  3.696500e+06   6.793100e-05
  3.697500e+06   6.786800e-05
  3.698500e+06   6.780500e-05
  3.699500e+06   6.774200e-05
  3.700500e+06   6.767900e-05
  3.701500e+06   6.761600e-05
  3.702500e+06   6.755300e-05
  3.703500e+06   6.749000e-05
  3.704500e+06   6.742700e-05
  3.705500e+06   6.736400e-05
  3.706500e+06   6.730100e-05
  3.707500e+06   6.723800e-05
  3.708500e+06   6.717500e-05
  3.709500e+06   6.711200e-05
  3.710500e+06   6.704800e-05
  3.711500e+06   6.698500e-05
  3.712500e+06   6.692200e-05
  3.713500e+06   6.685800e-05
  3.714500e+06   6.679500e-05
  3.715500e+06   6.673100e-05
  3.716500e+06   6.666800e-05
  3.717500e+06   6.660400e-05
  3.718500e+06   6.654100e-05
  3.719500e+06   6.647700e-05
  3.720500e+06   6.641300e-05
  3.721500e+06   6.635000e-05
  3.722500e+06   6.628600e-05
  3.723500e+06   6.622200e-05
  3.724500e+06   6.615800e-05
  3.725500e+06   6.609400e-05
  3.726500e+06   6.603000e-05
  3.727500e+06   6.596700e-05
  3.728500e+06   6.590300e-05
  3.729500e+06   6.583900e-05
  3.730500e+06   6.577400e-05
  3.731500e+06   6.571000e-05
  3.732500e+06   6.564600e-05
  3.733500e+06   6.558200e-05
  3.734500e+06   6.551800e-05
  3.735500e+06   6.545400e-05
  3.736500e+06   6.538900e-05
  3.737500e+06   6.532500e-05
  3.738500e+06   6.526100e-05
  3.739500e+06   6.519600e-05
  3.740500e+06   6.513200e-05
  3.741500e+06   6.506700e-05
  3.742500e+06   6.500300e-05
  3.743500e+06   6.493800e-05
  3.744500e+06   6.487400e-05
  3.745500e+06   6.480900e-05
  3.746500e+06   6.474400e-05
  3.747500e+06   6.468000e-05
  3.748500e+06   6.461500e-05
  3.749500e+06   6.455000e-05
  3.750500e+06   6.448500e-05
  3.751500e+06   6.442000e-05
  3.752500e+06   6.435500e-05
  3.753500e+06   6.429000e-05
  3.754500e+06   6.422600e-05
  3.755500e+06   6.416000e-05
  3.756500e+06   6.409500e-05
  3.757500e+06   6.403000e-05
  3.758500e+06   6.396500e-05
  3.759500e+06   6.390000e-05
  3.760500e+06   6.383500e-05
  3.761500e+06   6.377000e-05
  3.762500e+06   6.370400e-05
  3.763500e+06   6.363900e-05
  3.764500e+06   6.357400e-05
  3.765500e+06   6.350800e-05
  3.766500e+06   6.344300e-05
  3.767500e+06   6.337800e-05
  3.768500e+06   6.331200e-05
  3.769500e+06   6.324700e-05
  3.770500e+06   6.318100e-05
  3.771500e+06   6.311500e-05
  3.772500e+06   6.305000e-05
  3.773500e+06   6.298400e-05
  3.774500e+06   6.291900e-05
  3.775500e+06   6.285300e-05
  3.776500e+06   6.278700e-05
  3.777500e+06   6.272100e-05
  3.778500e+06   6.265500e-05
  3.779500e+06   6.259000e-05
  3.780500e+06   6.252400e-05
  3.781500e+06   6.245800e-05
  3.782500e+06   6.239200e-05
  3.783500e+06   6.232600e-05
  3.784500e+06   6.226000e-05
  3.785500e+06   6.219400e-05
  3.786500e+06   6.212800e-05
  3.787500e+06   6.206100e-05
  3.788500e+06   6.199500e-05
  3.789500e+06   6.192900e-05
  3.790500e+06   6.186300e-05
  3.791500e+06   6.179700e-05
  3.792500e+06   6.173000e-05
  3.793500e+06   6.166400e-05
  3.794500e+06   6.159800e-05
  3.795500e+06   6.153100e-05
  3.796500e+06   6.146500e-05
  3.797500e+06   6.139800e-05
  3.798500e+06   6.133200e-05
  3.799500e+06   6.126500e-05
  3.800500e+06   6.119900e-05
  3.801500e+06   6.113200e-05
  3.802500e+06   6.106500e-05
  3.803500e+06   6.099900e-05
  3.804500e+06   6.093200e-05
  3.805500e+06   6.086500e-05
  3.806500e+06   6.079900e-05
  3.807500e+06   6.073200e-05
  3.808500e+06   6.066500e-05
  3.809500e+06   6.059800e-05
  3.810500e+06   6.053100e-05
  3.811500e+06   6.046400e-05
  3.812500e+06   6.039700e-05
  3.813500e+06   6.033000e-05
  3.814500e+06   6.026300e-05
  3.815500e+06   6.019600e-05
  3.816500e+06   6.012900e-05
  3.817500e+06   6.006200e-05
  3.818500e+06   5.999500e-05
  3.819500e+06   5.992800e-05
  3.820500e+06   5.986100e-05
  3.821500e+06   5.979300e-05
  3.822500e+06   5.972600e-05
  3.823500e+06   5.965900e-05
  3.824500e+06   5.959200e-05
  3.825500e+06   5.952400e-05
  3.826500e+06   5.945700e-05
  3.827500e+06   5.938900e-05
  3.828500e+06   5.932200e-05
  3.829500e+06   5.925400e-05
  3.830500e+06   5.918700e-05
  3.831500e+06   5.911900e-05
  3.832500e+06   5.905200e-05
  3.833500e+06   5.898400e-05
  3.834500e+06   5.891700e-05
  3.835500e+06   5.884900e-05
  3.836500e+06   5.878100e-05
  3.837500e+06   5.871400e-05
  3.838500e+06   5.864600e-05
  3.839500e+06   5.857800e-05
  3.840500e+06   5.851000e-05
  3.841500e+06   5.844200e-05
  3.842500e+06   5.837500e-05
  3.843500e+06   5.830700e-05
  3.844500e+06   5.823900e-05
  3.845500e+06   5.817100e-05
  3.846500e+06   5.810300e-05
  3.847500e+06   5.803500e-05
  3.848500e+06   5.796700e-05
  3.849500e+06   5.789900e-05
  3.850500e+06   5.783100e-05
  3.851500e+06   5.776200e-05
  3.852500e+06   5.769400e-05
  3.853500e+06   5.762600e-05
  3.854500e+06   5.755800e-05
  3.855500e+06   5.749000e-05
  3.856500e+06   5.742100e-05
  3.857500e+06   5.735300e-05
  3.858500e+06   5.728500e-05
  3.859500e+06   5.721700e-05
  3.860500e+06   5.714800e-05
  3.861500e+06   5.708000e-05
  3.862500e+06   5.701100e-05
  3.863500e+06   5.694300e-05
  3.864500e+06   5.687400e-05
  3.865500e+06   5.680600e-05
  3.866500e+06   5.673700e-05
  3.867500e+06   5.666900e-05
  3.868500e+06   5.660000e-05
  3.869500e+06   5.653200e-05
  3.870500e+06   5.646300e-05
  3.871500e+06   5.639400e-05
  3.872500e+06   5.632600e-05
  3.873500e+06   5.625700e-05
  3.874500e+06   5.618800e-05
  3.875500e+06   5.612000e-05
  3.876500e+06   5.605100e-05
  3.877500e+06   5.598200e-05
  3.878500e+06   5.591300e-05
  3.879500e+06   5.584400e-05
  3.880500e+06   5.577500e-05
  3.881500e+06   5.570600e-05
  3.882500e+06   5.563800e-05
  3.883500e+06   5.556900e-05
  3.884500e+06   5.550000e-05
  3.885500e+06   5.543100e-05
  3.886500e+06   5.536200e-05
  3.887500e+06   5.529200e-05
  3.888500e+06   5.522300e-05
  3.889500e+06   5.515400e-05
  3.890500e+06   5.508500e-05
  3.891500e+06   5.501600e-05
  3.892500e+06   5.494700e-05
  3.893500e+06   5.487800e-05
  3.894500e+06   5.480800e-05
  3.895500e+06   5.473900e-05
  3.896500e+06   5.467000e-05
  3.897500e+06   5.460100e-05
  3.898500e+06   5.453100e-05
  3.899500e+06   5.446200e-05
  3.900500e+06   5.439300e-05
  3.901500e+06   5.432300e-05
  3.902500e+06   5.425400e-05
  3.903500e+06   5.418400e-05
  3.904500e+06   5.411500e-05
  3.905500e+06   5.404500e-05
  3.906500e+06   5.397600e-05
  3.907500e+06   5.390600e-05
  3.908500e+06   5.383700e-05
  3.909500e+06   5.376700e-05
  3.910500e+06   5.369800e-05
  3.911500e+06   5.362800e-05
  3.912500e+06   5.355800e-05
  3.913500e+06   5.348900e-05
  3.914500e+06   5.341900e-05
  3.915500e+06   5.334900e-05
  3.916500e+06   5.328000e-05
  3.917500e+06   5.321000e-05
  3.918500e+06   5.314000e-05
  3.919500e+06   5.307000e-05
  3.920500e+06   5.300100e-05
  3.921500e+06   5.293100e-05
  3.922500e+06   5.286100e-05
  3.923500e+06   5.279100e-05
  3.924500e+06   5.272100e-05
  3.925500e+06   5.265100e-05
  3.926500e+06   5.258100e-05
  3.927500e+06   5.251100e-05
  3.928500e+06   5.244100e-05
  3.929500e+06   5.237100e-05
  3.930500e+06   5.230100e-05
  3.931500e+06   5.223100e-05
  3.932500e+06   5.216100e-05
  3.933500e+06   5.209100e-05
  3.934500e+06   5.202100e-05
  3.935500e+06   5.195100e-05
  3.936500e+06   5.188100e-05
  3.937500e+06   5.181100e-05
  3.938500e+06   5.174100e-05
  3.939500e+06   5.167100e-05
  3.940500e+06   5.160000e-05
  3.941500e+06   5.153000e-05
  3.942500e+06   5.146000e-05
  3.943500e+06   5.139000e-05
  3.944500e+06   5.131900e-05
  3.945500e+06   5.124900e-05
  3.946500e+06   5.117900e-05
  3.947500e+06   5.110900e-05
  3.948500e+06   5.103800e-05
  3.949500e+06   5.096800e-05
  3.950500e+06   5.089800e-05
  3.951500e+06   5.082700e-05
  3.952500e+06   5.075700e-05
  3.953500e+06   5.068600e-05
  3.954500e+06   5.061600e-05
  3.955500e+06   5.054500e-05
  3.956500e+06   5.047500e-05
  3.957500e+06   5.040400e-05
  3.958500e+06   5.033400e-05
  3.959500e+06   5.026300e-05
  3.960500e+06   5.019300e-05
  3.961500e+06   5.012200e-05
  3.962500e+06   5.005200e-05
  3.963500e+06   4.998100e-05
  3.964500e+06   4.991100e-05
  3.965500e+06   4.984000e-05
  3.966500e+06   4.976900e-05
  3.967500e+06   4.969900e-05
  3.968500e+06   4.962800e-05
  3.969500e+06   4.955700e-05
  3.970500e+06   4.948700e-05
  3.971500e+06   4.941600e-05
  3.972500e+06   4.934500e-05
  3.973500e+06   4.927500e-05
  3.974500e+06   4.920400e-05
  3.975500e+06   4.913300e-05
  3.976500e+06   4.906200e-05
  3.977500e+06   4.899200e-05
  3.978500e+06   4.892100e-05
  3.979500e+06   4.885000e-05
  3.980500e+06   4.877900e-05
  3.981500e+06   4.870800e-05
  3.982500e+06   4.863700e-05
  3.983500e+06   4.856700e-05
  3.984500e+06   4.849600e-05
  3.985500e+06   4.842500e-05
  3.986500e+06   4.835400e-05
  3.987500e+06   4.828300e-05
  3.988500e+06   4.821200e-05
  3.989500e+06   4.814100e-05
  3.990500e+06   4.807000e-05
  3.991500e+06   4.799900e-05
  3.992500e+06   4.792800e-05
  3.993500e+06   4.785700e-05
  3.994500e+06   4.778600e-05
  3.995500e+06   4.771500e-05
  3.996500e+06   4.764400e-05
  3.997500e+06   4.757300e-05
  3.998500e+06   4.750200e-05
  3.999500e+06   4.743100e-05
  4.000500e+06   4.736000e-05
  4.001500e+06   4.728900e-05
  4.002500e+06   4.721800e-05
  4.003500e+06   4.714700e-05
  4.004500e+06   4.707600e-05
  4.005500e+06   4.700500e-05
  4.006500e+06   4.693300e-05
  4.007500e+06   4.686200e-05
  4.008500e+06   4.679100e-05
  4.009500e+06   4.672000e-05
  4.010500e+06   4.664900e-05
  4.011500e+06   4.657800e-05
  4.012500e+06   4.650600e-05
  4.013500e+06   4.643500e-05
  4.014500e+06   4.636400e-05
  4.015500e+06   4.629300e-05
  4.016500e+06   4.622200e-05
  4.017500e+06   4.615000e-05
  4.018500e+06   4.607900e-05
  4.019500e+06   4.600800e-05
  4.020500e+06   4.593700e-05
  4.021500e+06   4.586500e-05
  4.022500e+06   4.579400e-05
  4.023500e+06   4.572300e-05
  4.024500e+06   4.565200e-05
  4.025500e+06   4.558000e-05
  4.026500e+06   4.550900e-05
  4.027500e+06   4.543800e-05
  4.028500e+06   4.536600e-05
  4.029500e+06   4.529500e-05
  4.030500e+06   4.522400e-05
  4.031500e+06   4.515200e-05
  4.032500e+06   4.508100e-05
  4.033500e+06   4.501000e-05
  4.034500e+06   4.493800e-05
  4.035500e+06   4.486700e-05
  4.036500e+06   4.479600e-05
  4.037500e+06   4.472400e-05
  4.038500e+06   4.465300e-05
  4.039500e+06   4.458100e-05
  4.040500e+06   4.451000e-05
  4.041500e+06   4.443900e-05
  4.042500e+06   4.436700e-05
  4.043500e+06   4.429600e-05
  4.044500e+06   4.422400e-05
  4.045500e+06   4.415300e-05
  4.046500e+06   4.408200e-05
  4.047500e+06   4.401000e-05
  4.048500e+06   4.393900e-05
  4.049500e+06   4.386700e-05
  4.050500e+06   4.379600e-05
  4.051500e+06   4.372400e-05
  4.052500e+06   4.365300e-05
  4.053500e+06   4.358200e-05
  4.054500e+06   4.351000e-05
  4.055500e+06   4.343900e-05
  4.056500e+06   4.336700e-05
  4.057500e+06   4.329600e-05
  4.058500e+06   4.322400e-05
  4.059500e+06   4.315300e-05
  4.060500e+06   4.308100e-05
  4.061500e+06   4.301000e-05
  4.062500e+06   4.293800e-05
  4.063500e+06   4.286700e-05
  4.064500e+06   4.279500e-05
  4.065500e+06   4.272400e-05
  4.066500e+06   4.265300e-05
  4.067500e+06   4.258100e-05
  4.068500e+06   4.251000e-05
  4.069500e+06   4.243800e-05
  4.070500e+06   4.236700e-05
  4.071500e+06   4.229500e-05
  4.072500e+06   4.222400e-05
  4.073500e+06   4.215200e-05
  4.074500e+06   4.208100e-05
  4.075500e+06   4.200900e-05
  4.076500e+06   4.193800e-05
  4.077500e+06   4.186600e-05
  4.078500e+06   4.179500e-05
  4.079500e+06   4.172300e-05
  4.080500e+06   4.165200e-05
  4.081500e+06   4.158000e-05
  4.082500e+06   4.150900e-05
  4.083500e+06   4.143700e-05
  4.084500e+06   4.136600e-05
  4.085500e+06   4.129400e-05
  4.086500e+06   4.122300e-05
  4.087500e+06   4.115100e-05
  4.088500e+06   4.108000e-05
  4.089500e+06   4.100800e-05
  4.090500e+06   4.093700e-05
  4.091500e+06   4.086500e-05
  4.092500e+06   4.079400e-05
  4.093500e+06   4.072200e-05
  4.094500e+06   4.065100e-05
  4.095500e+06   4.057900e-05
  4.096500e+06   4.050800e-05
  4.097500e+06   4.043600e-05
  4.098500e+06   4.036500e-05
  4.099500e+06   4.029300e-05
  4.100500e+06   4.022200e-05
  4.101500e+06   4.015100e-05
  4.102500e+06   4.007900e-05
  4.103500e+06   4.000800e-05
  4.104500e+06   3.993600e-05
  4.105500e+06   3.986500e-05
  4.106500e+06   3.979300e-05
  4.107500e+06   3.972200e-05
  4.108500e+06   3.965000e-05
  4.109500e+06   3.957900e-05
  4.110500e+06   3.950700e-05
  4.111500e+06   3.943600e-05
  4.112500e+06   3.936500e-05
  4.113500e+06   3.929300e-05
  4.114500e+06   3.922200e-05
  4.115500e+06   3.915000e-05
  4.116500e+06   3.907900e-05
  4.117500e+06   3.900700e-05
  4.118500e+06   3.893600e-05
  4.119500e+06   3.886400e-05
  4.120500e+06   3.879300e-05
  4.121500e+06   3.872200e-05
  4.122500e+06   3.865000e-05
  4.123500e+06   3.857900e-05
  4.124500e+06   3.850700e-05
  4.125500e+06   3.843600e-05
  4.126500e+06   3.836500e-05
  4.127500e+06   3.829300e-05
  4.128500e+06   3.822200e-05
  4.129500e+06   3.815000e-05
  4.130500e+06   3.807900e-05
  4.131500e+06   3.800800e-05
  4.132500e+06   3.793600e-05
  4.133500e+06   3.786500e-05
  4.134500e+06   3.779400e-05
  4.135500e+06   3.772200e-05
  4.136500e+06   3.765100e-05
  4.137500e+06   3.758000e-05
  4.138500e+06   3.750800e-05
  4.139500e+06   3.743700e-05
  4.140500e+06   3.736500e-05
  4.141500e+06   3.729400e-05
  4.142500e+06   3.722300e-05
  4.143500e+06   3.715100e-05
  4.144500e+06   3.708000e-05
  4.145500e+06   3.700900e-05
  4.146500e+06   3.693700e-05
  4.147500e+06   3.686600e-05
  4.148500e+06   3.679500e-05
  4.149500e+06   3.672300e-05
  4.150500e+06   3.665200e-05
  4.151500e+06   3.658100e-05
  4.152500e+06   3.651000e-05
  4.153500e+06   3.643800e-05
  4.154500e+06   3.636700e-05
  4.155500e+06   3.629600e-05
  4.156500e+06   3.622400e-05
  4.157500e+06   3.615300e-05
  4.158500e+06   3.608200e-05
  4.159500e+06   3.601000e-05
  4.160500e+06   3.593900e-05
  4.161500e+06   3.586800e-05
  4.162500e+06   3.579600e-05
  4.163500e+06   3.572500e-05
  4.164500e+06   3.565400e-05
  4.165500e+06   3.558300e-05
  4.166500e+06   3.551100e-05
  4.167500e+06   3.544000e-05
  4.168500e+06   3.536900e-05
  4.169500e+06   3.529700e-05
  4.170500e+06   3.522600e-05
  4.171500e+06   3.515500e-05
  4.172500e+06   3.508400e-05
  4.173500e+06   3.501200e-05
  4.174500e+06   3.494100e-05
  4.175500e+06   3.487000e-05
  4.176500e+06   3.479800e-05
  4.177500e+06   3.472700e-05
  4.178500e+06   3.465600e-05
  4.179500e+06   3.458500e-05
  4.180500e+06   3.451300e-05
  4.181500e+06   3.444200e-05
  4.182500e+06   3.437100e-05
  4.183500e+06   3.430000e-05
  4.184500e+06   3.422800e-05
  4.185500e+06   3.415700e-05
  4.186500e+06   3.408600e-05
  4.187500e+06   3.401400e-05
  4.188500e+06   3.394300e-05
  4.189500e+06   3.387200e-05
  4.190500e+06   3.380100e-05
  4.191500e+06   3.372900e-05
  4.192500e+06   3.365800e-05
  4.193500e+06   3.358700e-05
  4.194500e+06   3.351600e-05
  4.195500e+06   3.344400e-05
  4.196500e+06   3.337300e-05
  4.197500e+06   3.330200e-05
  4.198500e+06   3.323100e-05
  4.199500e+06   3.316000e-05
  4.200500e+06   3.308800e-05
  4.201500e+06   3.301700e-05
  4.202500e+06   3.294600e-05
  4.203500e+06   3.287500e-05
  4.204500e+06   3.280400e-05
  4.205500e+06   1.408800e-05
  4.206500e+06   1.406300e-05
  4.207500e+06   1.403800e-05
  4.208500e+06   1.401300e-05
  4.209500e+06   1.398900e-05
  4.210500e+06   1.396400e-05
  4.211500e+06   1.393900e-05
  4.212500e+06   1.391400e-05
  4.213500e+06   1.389000e-05
  4.214500e+06   1.386500e-05
  4.215500e+06   1.384000e-05
  4.216500e+06   1.381500e-05
  4.217500e+06   1.379100e-05
  4.218500e+06   1.376600e-05
  4.219500e+06   1.374100e-05
  4.220500e+06   1.371600e-05
  4.221500e+06   1.369200e-05
  4.222500e+06   1.366700e-05
  4.223500e+06   1.364200e-05
  4.224500e+06   1.361700e-05
  4.225500e+06   1.359300e-05
  4.226500e+06   1.356800e-05
  4.227500e+06   1.354300e-05
  4.228500e+06   1.351800e-05
  4.229500e+06   1.349400e-05
  4.230500e+06   1.346900e-05
  4.231500e+06   1.344400e-05
  4.232500e+06   1.342000e-05
  4.233500e+06   1.339500e-05
  4.234500e+06   1.337000e-05
  4.235500e+06   1.334500e-05
  4.236500e+06   1.332100e-05
  4.237500e+06   1.329600e-05
  4.238500e+06   1.327100e-05
  4.239500e+06   1.324700e-05
  4.240500e+06   1.322200e-05
  4.241500e+06   1.319700e-05
  4.242500e+06   1.317200e-05
  4.243500e+06   1.314800e-05
  4.244500e+06   1.312300e-05
  4.245500e+06   1.309800e-05
  4.246500e+06   1.307400e-05
  4.247500e+06   1.304900e-05
  4.248500e+06   1.302400e-05
  4.249500e+06   1.300000e-05
  4.250500e+06   1.297500e-05
  4.251500e+06   1.295000e-05
  4.252500e+06   1.292600e-05
  4.253500e+06   1.290100e-05
  4.254500e+06   1.287600e-05
  4.255500e+06   1.285200e-05
  4.256500e+06   1.282700e-05
  4.257500e+06   1.280200e-05
  4.258500e+06   1.277800e-05
  4.259500e+06   1.275300e-05
  4.260500e+06   1.272800e-05
  4.261500e+06   1.270400e-05
  4.262500e+06   1.267900e-05
  4.263500e+06   1.265500e-05
  4.264500e+06   1.263000e-05
  4.265500e+06   1.260500e-05
  4.266500e+06   1.258100e-05
  4.267500e+06   1.255600e-05
  4.268500e+06   1.253100e-05
  4.269500e+06   1.250700e-05
  4.270500e+06   1.248200e-05
  4.271500e+06   1.245800e-05
  4.272500e+06   1.243300e-05
  4.273500e+06   1.240800e-05
  4.274500e+06   1.238400e-05
  4.275500e+06   1.235900e-05
  4.276500e+06   1.233500e-05
  4.277500e+06   1.231000e-05
  4.278500e+06   1.228600e-05
  4.279500e+06   1.226100e-05
  4.280500e+06   1.223600e-05
  4.281500e+06   1.221200e-05
  4.282500e+06   1.218700e-05
  4.283500e+06   1.216300e-05
  4.284500e+06   1.213800e-05
  4.285500e+06   1.211400e-05
  4.286500e+06   1.208900e-05
  4.287500e+06   1.206500e-05
  4.288500e+06   1.204000e-05
  4.289500e+06   1.201600e-05
  4.290500e+06   1.199100e-05
  4.291500e+06   1.196600e-05
  4.292500e+06   1.194200e-05
  4.293500e+06   1.191700e-05
  4.294500e+06   1.189300e-05
  4.295500e+06   1.186800e-05
  4.296500e+06   1.184400e-05
  4.297500e+06   1.182000e-05
  4.298500e+06   1.179500e-05
  4.299500e+06   1.177100e-05
  4.300500e+06   1.174600e-05
  4.301500e+06   1.172200e-05
  4.302500e+06   1.169700e-05
  4.303500e+06   1.167300e-05
  4.304500e+06   1.164800e-05
  4.305500e+06   1.162400e-05
  4.306500e+06   1.159900e-05
  4.307500e+06   1.157500e-05
  4.308500e+06   1.155000e-05
  4.309500e+06   1.152600e-05
  4.310500e+06   1.150200e-05
  4.311500e+06   1.147700e-05
  4.312500e+06   1.145300e-05
  4.313500e+06   1.142800e-05
  4.314500e+06   1.140400e-05
  4.315500e+06   1.137900e-05
  4.316500e+06   1.135500e-05
  4.317500e+06   1.133100e-05
  4.318500e+06   1.130600e-05
  4.319500e+06   1.128200e-05
  4.320500e+06   1.125800e-05
  4.321500e+06   1.123300e-05
  4.322500e+06   1.120900e-05
  4.323500e+06   1.118400e-05
  4.324500e+06   1.116000e-05
  4.325500e+06   1.113600e-05
  4.326500e+06   1.111100e-05
  4.327500e+06   1.108700e-05
  4.328500e+06   1.106300e-05
  4.329500e+06   1.103800e-05
  4.330500e+06   1.101400e-05
  4.331500e+06   1.099000e-05
  4.332500e+06   1.096500e-05
  4.333500e+06   1.094100e-05
  4.334500e+06   1.091600e-05
  4.335500e+06   1.089200e-05
  4.336500e+06   1.086800e-05
  4.337500e+06   1.084300e-05
  4.338500e+06   1.081900e-05
  4.339500e+06   1.079500e-05
  4.340500e+06   1.077100e-05
  4.341500e+06   1.074600e-05
  4.342500e+06   1.072200e-05
  4.343500e+06   1.069800e-05
  4.344500e+06   1.067300e-05
  4.345500e+06   1.064900e-05
  4.346500e+06   1.062500e-05
  4.347500e+06   1.060000e-05
  4.348500e+06   1.057600e-05
  4.349500e+06   1.055200e-05
  4.350500e+06   1.052700e-05
  4.351500e+06   1.050300e-05
  4.352500e+06   1.047900e-05
  4.353500e+06   1.045500e-05
  4.354500e+06   1.043000e-05
  4.355500e+06   1.040600e-05
  4.356500e+06   1.038200e-05
  4.357500e+06   1.035700e-05
  4.358500e+06   1.033300e-05
  4.359500e+06   1.030900e-05
  4.360500e+06   1.028500e-05
  4.361500e+06   1.026000e-05
  4.362500e+06   1.023600e-05
  4.363500e+06   1.021200e-05
  4.364500e+06   1.018800e-05
  4.365500e+06   1.016300e-05
  4.366500e+06   1.013900e-05
  4.367500e+06   1.011500e-05
  4.368500e+06   1.009000e-05
  4.369500e+06   1.006600e-05
  4.370500e+06   1.004200e-05
  4.371500e+06   1.001800e-05
  4.372500e+06   9.993400e-06
  4.373500e+06   9.969200e-06
  4.374500e+06   9.944900e-06
  4.375500e+06   9.920700e-06
  4.376500e+06   9.896400e-06
  4.377500e+06   9.872200e-06
  4.378500e+06   9.848000e-06
  4.379500e+06   9.823700e-06
  4.380500e+06   9.799500e-06
  4.381500e+06   9.775300e-06
  4.382500e+06   9.751100e-06
  4.383500e+06   9.726900e-06
  4.384500e+06   9.702700e-06
  4.385500e+06   9.678500e-06
  4.386500e+06   9.678500e-11
  4.387500e+06   2.819100e-21
  4.388500e+06   0.000000e+00
  4.389500e+06   0.000000e+00
  4.390500e+06   0.000000e+00
  4.391500e+06   0.000000e+00
  4.392500e+06   0.000000e+00
  4.393500e+06   0.000000e+00
  4.394500e+06   0.000000e+00
  4.395500e+06   0.000000e+00
  4.396500e+06   0.000000e+00
  4.397500e+06   0.000000e+00
  4.398500e+06   0.000000e+00
  4.399500e+06   0.000000e+00
  4.400500e+06   0.000000e+00
  4.401500e+06   0.000000e+00
  4.402500e+06   0.000000e+00
  4.403500e+06   0.000000e+00
  4.404500e+06   0.000000e+00
  4.405500e+06   0.000000e+00
  4.406500e+06   0.000000e+00
  4.407500e+06   0.000000e+00
  4.408500e+06   0.000000e+00
  4.409500e+06   0.000000e+00
  4.410500e+06   0.000000e+00
  4.411500e+06   0.000000e+00
  4.412500e+06   0.000000e+00
  4.413500e+06   0.000000e+00
  4.414500e+06   0.000000e+00
  4.415500e+06   0.000000e+00
  4.416500e+06   0.000000e+00
  4.417500e+06   0.000000e+00
  4.418500e+06   0.000000e+00
  4.419500e+06   0.000000e+00
  4.420500e+06   0.000000e+00
  4.421500e+06   0.000000e+00
  4.422500e+06   0.000000e+00
  4.423500e+06   0.000000e+00
  4.424500e+06   0.000000e+00
  4.425500e+06   0.000000e+00
  4.426500e+06   0.000000e+00
  4.427500e+06   0.000000e+00
  4.428500e+06   0.000000e+00
  4.429500e+06   0.000000e+00
  4.430500e+06   0.000000e+00
  4.431500e+06   0.000000e+00
  4.432500e+06   0.000000e+00
  4.433500e+06   0.000000e+00
  4.434500e+06   0.000000e+00
  4.435500e+06   0.000000e+00
  4.436500e+06   0.000000e+00
  4.437500e+06   0.000000e+00
  4.438500e+06   0.000000e+00
  4.439500e+06   0.000000e+00
  4.440500e+06   0.000000e+00
  4.441500e+06   0.000000e+00
  4.442500e+06   0.000000e+00
  4.443500e+06   0.000000e+00
  4.444500e+06   0.000000e+00
  4.445500e+06   0.000000e+00
  4.446500e+06   0.000000e+00
  4.447500e+06   0.000000e+00
  4.448500e+06   0.000000e+00
  4.449500e+06   0.000000e+00
  4.450500e+06   0.000000e+00
  4.451500e+06   0.000000e+00
  4.452500e+06   0.000000e+00
  4.453500e+06   0.000000e+00
  4.454500e+06   0.000000e+00
  4.455500e+06   0.000000e+00
  4.456500e+06   0.000000e+00
  4.457500e+06   0.000000e+00
  4.458500e+06   0.000000e+00
  4.459500e+06   0.000000e+00
  4.460500e+06   0.000000e+00
  4.461500e+06   0.000000e+00
  4.462500e+06   0.000000e+00
  4.463500e+06   0.000000e+00
  4.464500e+06   0.000000e+00
  4.465500e+06   0.000000e+00
  4.466500e+06   0.000000e+00
  4.467500e+06   0.000000e+00
  4.468500e+06   0.000000e+00
  4.469500e+06   0.000000e+00
  4.470500e+06   0.000000e+00
  4.471500e+06   0.000000e+00
  4.472500e+06   0.000000e+00
  4.473500e+06   0.000000e+00
  4.474500e+06   0.000000e+00
  4.475500e+06   0.000000e+00
  4.476500e+06   0.000000e+00
  4.477500e+06   0.000000e+00
  4.478500e+06   0.000000e+00
  4.479500e+06   0.000000e+00
  4.480500e+06   0.000000e+00
  4.481500e+06   0.000000e+00
  4.482500e+06   0.000000e+00
  4.483500e+06   0.000000e+00
  4.484500e+06   0.000000e+00
  4.485500e+06   0.000000e+00
  4.486500e+06   0.000000e+00
  4.487500e+06   0.000000e+00
  4.488500e+06   0.000000e+00
  4.489500e+06   0.000000e+00
  4.490500e+06   0.000000e+00
  4.491500e+06   0.000000e+00
  4.492500e+06   0.000000e+00
  4.493500e+06   0.000000e+00
  4.494500e+06   0.000000e+00
  4.495500e+06   0.000000e+00
  4.496500e+06   0.000000e+00
  4.497500e+06   0.000000e+00
